sucursal;codigo;tipo_registro;categoria;nombre;forma_farmaceutica;concentracion;presentacion;unidades_por_presentacion;descripcion;stock;stock_minimo;fecha_vencimiento;proveedor;lote;precio_compra;precio_venta_menor;precio_venta_mayor;activo
Molino;TAB-CIP-500;PRODUCTO;TABLETA;CIPROFLOXACINO;TABLETA;500 MG;UNIDAD;1;TABLETA 500 MG UNIDAD X 1;10;;1/01/2026;;;0;1;0;ACTIVO
Molino;TAB-CLO-4;PRODUCTO;TABLETA;CLORFENAMINA MALEATO;TABLETA;4 MG;UNIDAD;1;TABLETA 4 MG UNIDAD X 1;19;;1/08/2028;;;0.03;0.5;0;ACTIVO
Molino;TAB-DEX-4MG;PRODUCTO;TABLETA;DEXAMETASONA;TABLETA;4 MG;UNIDAD;1;TABLETA 4 MG UNIDAD X 1;16;;1/02/2028;;;0.08;1;0;ACTIVO
Molino;INS-SUA-000;PRODUCTO;INSUMO;PAPEL SUAVE;INSUMO;;UNIDAD;1;INSUMO  UNIDAD X 1;32;;;;;0;1;0;ACTIVO
Molino;TAB-PAR-500;PRODUCTO;TABLETA;PARACETAMOL;TABLETA;500 MG;UNIDAD;1;TABLETA 500 MG UNIDAD X 1;14;;1/08/2026;;;0.08;0.5;0;ACTIVO
Molino;SHA-JJB-100;PRODUCTO;SHAMPOO;JOHNSON BABY;SHAMPOO;100 ML;UNIDAD;1;SHAMPOO 100 ML UNIDAD X 1;0;;1/05/2027;;;0;16;0;ACTIVO
Molino;SOB-3GE-000;PRODUCTO;SOBRE;3 GEL;SOBRE;;UNIDAD;1;SOBRE  UNIDAD X 1;4;;1/06/2026;;;1.2;3;0;ACTIVO
Molino;AMP-BRO-1200;PRODUCTO;AMPOLLA;AB BRONCOL;AMPOLLA VIAL;1200 ML;UNIDAD;1;AMPOLLA 1200 ML UNIDAD X 1;0;;1/09/2028;;;0;38;0;ACTIVO
Molino;AMP-BRO-600;PRODUCTO;AMPOLLA;AB BRONCOL;AMPOLLA VIAL;600 ML;UNIDAD;1;AMPOLLA 600 ML UNIDAD X 1;0;;1/03/2027;;;0;35;0;ACTIVO
Molino;ACE-OLI-30;PRODUCTO;ACEITE;ACEITE COSMETICO OLIVA;ACEITE;30 ML;UNIDAD;1;ACEITE 30 ML UNIDAD X 1;0;;1/01/2026;;;0;1.5;0;ACTIVO
Molino;ACE-ALM-30;PRODUCTO;ACEITE;ACEITE ALMENDRA COSMETICO;ACEITE;30 ML;CAJA;12;ACEITE 30 ML CAJA X 12;11;;1/08/2028;;;1;1.5;0;ACTIVO
Molino;ACE-LAG-30;PRODUCTO;ACEITE;ACEITE LAGARTO;ACEITE;30 ML;UNIDAD;1;ACEITE 30 ML UNIDAD X 1;3;;1/10/2025;;;0;1.5;0;ACTIVO
Molino;ACE-REC-30;PRODUCTO;ACEITE;ACEITE RECINO;ACEITE;30 ML;UNIDAD;1;ACEITE 30 ML UNIDAD X 1;1;;1/08/2027;;;0;1.5;0;ACTIVO
Molino;ACE-OEX-000;PRODUCTO;ACEITE;ACEITE OLIVA EXTRA VIRGEN;ACEITE;;UNIDAD;1;ACEITE  UNIDAD X 1;0;;1/05/2027;;;0;18;0;ACTIVO
Molino;ACE-ROS-30;PRODUCTO;ACEITE;ACEITE ROSADO COSMETICO;ACEITE;30 ML;CAJA;12;ACEITE 30 ML CAJA X 12;12;;1/08/2028;;;1;1.5;0;ACTIVO
Molino;SOB-ACE-600;PRODUCTO;SOBRE;ACETILCISTEINA;SOBRE;600 MG;CAJA;50;SOBRE 600 MG CAJA X 50;50;;1/06/2027;;;0.76;2;0;ACTIVO
Molino;JAR-ACI-200;PRODUCTO;JARABE;ACI TIP;JARABE;200 ML;UNIDAD;1;JARABE 200 ML UNIDAD X 1;0;;1/05/2026;;;0;38;0;ACTIVO
Molino;CRE-ACI-5;PRODUCTO;CREMA;ACICLOVIR;CREMA;5 GR;UNIDAD;1;CREMA 5 GR UNIDAD X 1;2;;1/09/2027;;;0;4;0;ACTIVO
Molino;TAB-ACI-000;PRODUCTO;TABLETA;ACICLOVIR;TABLETA;;UNIDAD;1;TABLETA  UNIDAD X 1;0;;1/06/2028;;;0;1.5;0;ACTIVO
Molino;TAB-ACI-200;PRODUCTO;TABLETA;ACICLOVIR;TABLETA;200 MG;UNIDAD;1;TABLETA 200 MG UNIDAD X 1;0;;1/06/2028;;;0.08;1.5;0;ACTIVO
Molino;TAB-ACI-840;PRODUCTO;TABLETA;ACIDINO;TABLETA;840 MG;UNIDAD;1;TABLETA 840 MG UNIDAD X 1;3;;1/04/2026;;;0;2;0;ACTIVO
Molino;EXT-ACI-5;PRODUCTO;USO EXTERNO;ACIDO BORICO;POLVO;50 GR;UNIDAD;1;USO EXTERNO 50 GR UNIDAD X 1;2;;1/08/2028;;;0;2.5;0;ACTIVO
Molino;UT-ACI-50;PRODUCTO;USO TOPICO;ACIDO BORICO;POLVO;50 GR;UNIDAD;1;USO TOPICO 50 GR UNIDAD X 1;0;;1/08/2028;;;0;2.5;0;ACTIVO
Molino;DES-ACL-50;PRODUCTO;DESODORANTE;ACLARA T;DESODORANTE;50 ML;UNIDAD;1;DESODORANTE 50 ML UNIDAD X 1;1;;1/06/2025;;;0;10;0;ACTIVO
Molino;TAB-ACT-5;PRODUCTO;TABLETA;ACTUALAX;TABLETA;5 MG;UNIDAD;1;TABLETA 5 MG UNIDAD X 1;0;;1/06/2026;;;0;1.3;0;ACTIVO
Molino;LIQ-AG7-30;PRODUCTO;LIQUIDO;AGUA 7 ESPIRITUS;LIQUIDO;30 ML;UNIDAD;1;LIQUIDO 30 ML UNIDAD X 1;0;;1/01/2026;;;0;1.5;0;ACTIVO
Molino;LIQ-AZA-120;PRODUCTO;LIQUIDO;AGUA DE AZAHAR;LIQUIDO;120 ML;UNIDAD;1;LIQUIDO 120 ML UNIDAD X 1;0;;1/10/2027;;;0;2.5;0;ACTIVO
Molino;LIQ-AGS-30;PRODUCTO;LIQUIDO;AGUA DE SUSTO;LIQUIDO;30 ML;UNIDAD;1;LIQUIDO 30 ML UNIDAD X 1;0;;1/12/2026;;;0;1.5;0;ACTIVO
Molino;AMP-AGU-5;PRODUCTO;AMPOLLA;AGUA ESTERIL;AMPOLLA;5 ML;UNIDAD;1;AMPOLLA 5 ML UNIDAD X 1;1;;1/02/2025;;;0;3;0;ACTIVO
Molino;LIQ-AGF-22;PRODUCTO;LIQUIDO;AGUA FLORIDA;LIQUIDO;22 ML;UNIDAD;1;LIQUIDO 22 ML UNIDAD X 1;2;;1/03/2028;;;0;2.5;0;ACTIVO
Molino;LIQ-AGV-30;PRODUCTO;LIQUIDO;AGUA OLVIDO;LIQUIDO;30 ML;UNIDAD;1;LIQUIDO 30 ML UNIDAD X 1;0;;1/03/2028;;;0;1.5;0;ACTIVO
Molino;LIQ-AGO-30;PRODUCTO;LIQUIDO;AGUA OXIGENADA;LIQUIDO;30 ML;UNIDAD;1;LIQUIDO 30 ML UNIDAD X 1;4;;1/03/2026;;;0;2;0;ACTIVO
Molino;INS-AGU-21;PRODUCTO;INSUMO MEDICO;AGUJA DESCARTABLE;AGUJA;21 GR;UNIDAD;1;INSUMO MEDICO 21 GR UNIDAD X 1;4;;1/11/2026;;;0;0.8;0;ACTIVO
Molino;INS-AGU-SV;PRODUCTO;INSUMO MEDICO;AGUJA SCALP VEIN;AGUJA;;UNIDAD;1;INSUMO MEDICO  UNIDAD X 1;0;;;;;0;2;0;ACTIVO
Molino;INS-AGH-18;PRODUCTO;INSUMO MEDICO;AGUJA HIPODERMICA;AGUJA;18 GR;UNIDAD;1;INSUMO MEDICO 18 GR UNIDAD X 1;0;;;;;0;0.2;0;ACTIVO
Molino;INS-AGH-23;PRODUCTO;INSUMO MEDICO;AGUJA HIPODERMICA;AGUJA;23 GR;UNIDAD;1;INSUMO MEDICO 23 GR UNIDAD X 1;1;;;;;0;0.2;0;ACTIVO
Molino;LIQ-ALC-120;PRODUCTO;LIQUIDO;ALCOHOL 96%;LIQUIDO;120 ML;UNIDAD;1;LIQUIDO 120 ML UNIDAD X 1;3;;1/09/2026;;;0;1.5;0;ACTIVO
Molino;LIQ-ALY-120;PRODUCTO;LIQUIDO;ALCOHOL YODADO;LIQUIDO;120 ML;UNIDAD;1;LIQUIDO 120 ML UNIDAD X 1;2;;1/08/2027;;;0;2.5;0;ACTIVO
Molino;INS-ALG-25;PRODUCTO;INSUMO MEDICO;ALGODON HIDROFILO CORONA;ALGODON;25 GR;UNIDAD;1;INSUMO MEDICO 25 GR UNIDAD X 1;1;;;;;0;1.5;0;ACTIVO
Molino;TAB-AMO-BRO;PRODUCTO;TABLETA;AMOXICILINA + BROMHEXINA;TABLETA;100 MG;UNIDAD;1;TABLETA 100 MG UNIDAD X 1;6;;1/11/2026;;;0;1;0;ACTIVO
Molino;TAB-CIP-500;PRODUCTO;TABLETA;CIPROFLOXACINO;TABLETA;500 MG;UNIDAD;1;TABLETA 500 MG UNIDAD X 1;10;;1/01/2026;;;0;1;0;ACTIVO
Molino;TAB-CLO-4;PRODUCTO;TABLETA;CLORFENAMINA MALEATO;TABLETA;4 MG;UNIDAD;1;TABLETA 4 MG UNIDAD X 1;19;;1/08/2028;;;0.03;0.5;0;ACTIVO
Molino;TAB-DEX-4MG;PRODUCTO;TABLETA;DEXAMETASONA;TABLETA;4 MG;UNIDAD;1;TABLETA 4 MG UNIDAD X 1;16;;1/02/2028;;;0.08;1;0;ACTIVO
Molino;INS-SUA-000;PRODUCTO;INSUMO;PAPEL SUAVE;INSUMO;;UNIDAD;1;INSUMO  UNIDAD X 1;32;;;;;0;1;0;ACTIVO
Molino;TAB-PAR-500;PRODUCTO;TABLETA;PARACETAMOL;TABLETA;500 MG;UNIDAD;1;TABLETA 500 MG UNIDAD X 1;14;;1/08/2026;;;0.08;0.5;0;ACTIVO
Molino;SHA-JJB-100;PRODUCTO;SHAMPOO;JOHNSON BABY;SHAMPOO;100 ML;UNIDAD;1;SHAMPOO 100 ML UNIDAD X 1;0;;1/05/2027;;;0;16;0;ACTIVO
Molino;SOB-3GE-000;PRODUCTO;SOBRE;3 GEL;SOBRE;;UNIDAD;1;SOBRE  UNIDAD X 1;4;;1/06/2026;;;1.2;3;0;ACTIVO
Molino;AMP-BRO-1200;PRODUCTO;AMPOLLA;AB BRONCOL;AMPOLLA VIAL;1200 ML;UNIDAD;1;AMPOLLA 1200 ML UNIDAD X 1;0;;1/09/2028;;;0;38;0;ACTIVO
Molino;AMP-BRO-600;PRODUCTO;AMPOLLA;AB BRONCOL;AMPOLLA VIAL;600 ML;UNIDAD;1;AMPOLLA 600 ML UNIDAD X 1;0;;1/03/2027;;;0;35;0;ACTIVO
Molino;ACE-OLI-30;PRODUCTO;ACEITE;ACEITE COSMETICO OLIVA;ACEITE;30 ML;UNIDAD;1;ACEITE 30 ML UNIDAD X 1;0;;1/01/2026;;;0;1.5;0;ACTIVO
Molino;ACE-ALM-30;PRODUCTO;ACEITE;ACEITE ALMENDRA COSMETICO;ACEITE;30 ML;CAJA;12;ACEITE 30 ML CAJA X 12;11;;1/08/2028;;;1;1.5;0;ACTIVO
Molino;ACE-LAG-30;PRODUCTO;ACEITE;ACEITE LAGARTO;ACEITE;30 ML;UNIDAD;1;ACEITE 30 ML UNIDAD X 1;3;;1/10/2025;;;0;1.5;0;ACTIVO
Molino;ACE-REC-30;PRODUCTO;ACEITE;ACEITE RECINO;ACEITE;30 ML;UNIDAD;1;ACEITE 30 ML UNIDAD X 1;1;;1/08/2027;;;0;1.5;0;ACTIVO
Molino;ACE-OEX-000;PRODUCTO;ACEITE;ACEITE OLIVA EXTRA VIRGEN;ACEITE;;UNIDAD;1;ACEITE  UNIDAD X 1;0;;1/05/2027;;;0;18;0;ACTIVO
Molino;ACE-ROS-30;PRODUCTO;ACEITE;ACEITE ROSADO COSMETICO;ACEITE;30 ML;CAJA;12;ACEITE 30 ML CAJA X 12;12;;1/08/2028;;;1;1.5;0;ACTIVO
Molino;SOB-ACE-600;PRODUCTO;SOBRE;ACETILCISTEINA;SOBRE;600 MG;CAJA;50;SOBRE 600 MG CAJA X 50;50;;1/06/2027;;;0.76;2;0;ACTIVO
Molino;JAR-ACI-200;PRODUCTO;JARABE;ACI TIP;JARABE;200 ML;UNIDAD;1;JARABE 200 ML UNIDAD X 1;0;;1/05/2026;;;0;38;0;ACTIVO
Molino;CRE-ACI-5;PRODUCTO;CREMA;ACICLOVIR;CREMA;5 GR;UNIDAD;1;CREMA 5 GR UNIDAD X 1;2;;1/09/2027;;;0;4;0;ACTIVO
Molino;TAB-ACI-000;PRODUCTO;TABLETA;ACICLOVIR;TABLETA;;UNIDAD;1;TABLETA  UNIDAD X 1;0;;1/06/2028;;;0;1.5;0;ACTIVO
Molino;TAB-ACI-200;PRODUCTO;TABLETA;ACICLOVIR;TABLETA;200 MG;UNIDAD;1;TABLETA 200 MG UNIDAD X 1;0;;1/06/2028;;;0.08;1.5;0;ACTIVO
Molino;TAB-ACI-840;PRODUCTO;TABLETA;ACIDINO;TABLETA;840 MG;UNIDAD;1;TABLETA 840 MG UNIDAD X 1;3;;1/04/2026;;;0;2;0;ACTIVO
Molino;EXT-ACI-5;PRODUCTO;USO EXTERNO;ACIDO BORICO;POLVO;50 GR;UNIDAD;1;USO EXTERNO 50 GR UNIDAD X 1;2;;1/08/2028;;;0;2.5;0;ACTIVO
Molino;UT-ACI-50;PRODUCTO;USO TOPICO;ACIDO BORICO;POLVO;50 GR;UNIDAD;1;USO TOPICO 50 GR UNIDAD X 1;0;;1/08/2028;;;0;2.5;0;ACTIVO
Molino;DES-ACL-50;PRODUCTO;DESODORANTE;ACLARA T;DESODORANTE;50 ML;UNIDAD;1;DESODORANTE 50 ML UNIDAD X 1;1;;1/06/2025;;;0;10;0;ACTIVO
Molino;TAB-ACT-5;PRODUCTO;TABLETA;ACTUALAX;TABLETA;5 MG;UNIDAD;1;TABLETA 5 MG UNIDAD X 1;0;;1/06/2026;;;0;1.3;0;ACTIVO
Molino;LIQ-AG7-30;PRODUCTO;LIQUIDO;AGUA 7 ESPIRITUS;LIQUIDO;30 ML;UNIDAD;1;LIQUIDO 30 ML UNIDAD X 1;0;;1/01/2026;;;0;1.5;0;ACTIVO
Molino;LIQ-AZA-120;PRODUCTO;LIQUIDO;AGUA DE AZAHAR;LIQUIDO;120 ML;UNIDAD;1;LIQUIDO 120 ML UNIDAD X 1;0;;1/10/2027;;;0;2.5;0;ACTIVO
Molino;LIQ-AGS-30;PRODUCTO;LIQUIDO;AGUA DE SUSTO;LIQUIDO;30 ML;UNIDAD;1;LIQUIDO 30 ML UNIDAD X 1;0;;1/12/2026;;;0;1.5;0;ACTIVO
Molino;AMP-AGU-5;PRODUCTO;AMPOLLA;AGUA ESTERIL;AMPOLLA;5 ML;UNIDAD;1;AMPOLLA 5 ML UNIDAD X 1;1;;1/02/2025;;;0;3;0;ACTIVO
Molino;LIQ-AGF-22;PRODUCTO;LIQUIDO;AGUA FLORIDA;LIQUIDO;22 ML;UNIDAD;1;LIQUIDO 22 ML UNIDAD X 1;2;;1/03/2028;;;0;2.5;0;ACTIVO
Molino;LIQ-AGV-30;PRODUCTO;LIQUIDO;AGUA OLVIDO;LIQUIDO;30 ML;UNIDAD;1;LIQUIDO 30 ML UNIDAD X 1;0;;1/03/2028;;;0;1.5;0;ACTIVO
Molino;LIQ-AGO-30;PRODUCTO;LIQUIDO;AGUA OXIGENADA;LIQUIDO;30 ML;UNIDAD;1;LIQUIDO 30 ML UNIDAD X 1;4;;1/03/2026;;;0;2;0;ACTIVO
Molino;INS-AGU-21;PRODUCTO;INSUMO MEDICO;AGUJA DESCARTABLE;AGUJA;21 GR;UNIDAD;1;INSUMO MEDICO 21 GR UNIDAD X 1;4;;1/11/2026;;;0;0.8;0;ACTIVO
Molino;INS-AGU-SV;PRODUCTO;INSUMO MEDICO;AGUJA SCALP VEIN;AGUJA;;UNIDAD;1;INSUMO MEDICO  UNIDAD X 1;0;;;;;0;2;0;ACTIVO
Molino;INS-AGH-18;PRODUCTO;INSUMO MEDICO;AGUJA HIPODERMICA;AGUJA;18 GR;UNIDAD;1;INSUMO MEDICO 18 GR UNIDAD X 1;0;;;;;0;0.2;0;ACTIVO
Molino;INS-AGH-23;PRODUCTO;INSUMO MEDICO;AGUJA HIPODERMICA;AGUJA;23 GR;UNIDAD;1;INSUMO MEDICO 23 GR UNIDAD X 1;1;;;;;0;0.2;0;ACTIVO
Molino;LIQ-ALC-120;PRODUCTO;LIQUIDO;ALCOHOL 96%;LIQUIDO;120 ML;UNIDAD;1;LIQUIDO 120 ML UNIDAD X 1;3;;1/09/2026;;;0;1.5;0;ACTIVO
Molino;LIQ-ALY-120;PRODUCTO;LIQUIDO;ALCOHOL YODADO;LIQUIDO;120 ML;UNIDAD;1;LIQUIDO 120 ML UNIDAD X 1;2;;1/08/2027;;;0;2.5;0;ACTIVO
Molino;INS-ALG-25;PRODUCTO;INSUMO MEDICO;ALGODON HIDROFILO CORONA;ALGODON;25 GR;UNIDAD;1;INSUMO MEDICO 25 GR UNIDAD X 1;1;;;;;0;1.5;0;ACTIVO
Molino;TAB-AMO-BRO;PRODUCTO;TABLETA;AMOXICILINA + BROMHEXINA;TABLETA;100 MG;UNIDAD;1;TABLETA 100 MG UNIDAD X 1;6;;1/11/2026;;;0;1;0;ACTIVO
Molino;TAB-AMO-250;PRODUCTO;TABLETA;AMOXICILINA;TABLETA;250 MG;UNIDAD;1;TABLETA 250 MG UNIDAD X 1;4;;1/11/2026;;;0;0.5;0;ACTIVO
Molino;JAR-AMO-60;PRODUCTO;JARABE;AMOXICILINA;JARABE;60 ML;UNIDAD;1;JARABE 60 ML UNIDAD X 1;0;;1/01/2026;;;0;6;0;ACTIVO
Molino;TAB-AMP-500;PRODUCTO;TABLETA;AMPICILINA;TABLETA;500 MG;UNIDAD;1;TABLETA 500 MG UNIDAD X 1;15;;1/01/2028;;;0;1;0;ACTIVO
Molino;SOB-AND-000;PRODUCTO;SOBRE;SAL ANDREWS;SOBRE;;UNIDAD;1;SOBRE  UNIDAD X 1;6;;1/11/2025;;;0;1;0;ACTIVO
Molino;AMP-ANE-2;PRODUCTO;AMPOLLA;ANEURIN B12;AMPOLLA;2 ML;UNIDAD;1;AMPOLLA 2 ML UNIDAD X 1;0;;1/06/2026;;;0;45;0;ACTIVO
Molino;TAB-APR-550;PRODUCTO;TABLETA;APRONAX;TABLETA;550 MG;UNIDAD;1;TABLETA 550 MG UNIDAD X 1;7191;;1/08/2027;;;0.012833333;2.5;0;ACTIVO
Molino;TAB-ASP-10;PRODUCTO;TABLETA;ASPIRINA;TABLETA;10 MG;UNIDAD;1;TABLETA 10 MG UNIDAD X 1;7;;1/01/2027;;;0;1;0;ACTIVO
Molino;JAR-AZI-15;PRODUCTO;JARABE;AZITROMICINA;JARABE;15 ML;UNIDAD;1;JARABE 15 ML UNIDAD X 1;0;;1/12/2025;L0002;Lima;25;8;6;ACTIVO
Molino;POM-BAL-12;PRODUCTO;POMADA;BABY BALM;POMADA;12 GR;UNIDAD;1;POMADA 12 GR UNIDAD X 1;2;;1/07/2026;;;0;4.5;0;ACTIVO
Molino;TST-BAB-CAS;PRODUCTO;TEST DE EMBARAZO;BABY TEST CASETE;TEST;;UNIDAD;1;TEST DE EMBARAZO  UNIDAD X 1;4;;1/05/2028;;;2.8;10;0;ACTIVO
Molino;TST-BAB-JR;PRODUCTO;TEST DE EMBARAZO;BABY TEST JUNIOR;TEST;;UNIDAD;1;TEST DE EMBARAZO  UNIDAD X 1;2;;27/09/2025;;;0;7;0;ACTIVO
Molino;POM-BAL-50;PRODUCTO;POMADA;BABYBALM;POMADA;50 GR;UNIDAD;1;POMADA 50 GR UNIDAD X 1;0;;1/10/2023;;;0;15;0;ACTIVO
Molino;TAB-BAC-960;PRODUCTO;TABLETA;BACTRIM FORTE;TABLETA;960 MG;UNIDAD;1;TABLETA 960 MG UNIDAD X 1;4989;;1/10/2028;;;0.0098;2;0;ACTIVO
Molino;GEL-BAH-20;PRODUCTO;GEL;BAHIA FACES SPF90;GEL;20 SACHETS;CAJA;20;GEL 20 SACHETS CAJA X 20;18;;;;;2.1;3.5;0;ACTIVO
Molino;AMP-BEN-1200;PRODUCTO;AMPOLLA;BENCILPENICILINA BENZATINICA;AMPOLLA;1200 UI;UNIDAD;1;AMPOLLA 1200 UI UNIDAD X 1;0;;1/06/2027;;;0;5;0;ACTIVO
Molino;CRE-BET-20;PRODUCTO;CREMA;BETAMETASONA;CREMA;20 GR;UNIDAD;1;CREMA 20 GR UNIDAD X 1;1;;1/05/2029;;;0;6;0;ACTIVO
Molino;SOL-BIC-100;PRODUCTO;SOLUCION ORAL;BICARBONATO DE SODIO;SOLUCION;100 GR;UNIDAD;1;SOLUCION ORAL 100 GR UNIDAD X 1;0;;1/08/2028;;;0;5;0;ACTIVO
Molino;SOL-BIC-50;PRODUCTO;SOLUCION ORAL;BICARBONATO DE SODIO;SOLUCION;50 GR;UNIDAD;1;SOLUCION ORAL 50 GR UNIDAD X 1;1;;1/07/2028;;;0;2.5;0;ACTIVO
Molino;SOL-BIC-50E;PRODUCTO;SOLUCION EXTERNA;BICARBONATO DE SODIO;SOLUCION;50 GR;UNIDAD;1;SOLUCION EXTERNA 50 GR UNIDAD X 1;0;;1/05/2028;;;0;2.5;0;ACTIVO
Molino;TAB-BIO-565;PRODUCTO;TABLETA;BIO ELECTRO;TABLETA;565 MG;UNIDAD;1;TABLETA 565 MG UNIDAD X 1;0;;1/06/2026;;;0;2.7;0;ACTIVO
Molino;AMP-BIO-10;PRODUCTO;AMPOLLA BEBIBLE;BIOLACTOL;AMPOLLA BEBIBLE;10 ML;CAJA;10;AMPOLLA BEBIBLE 10 ML CAJA X 10;9;;1/04/2026;;;3.4;5.5;0;ACTIVO
Molino;EQM-BIO-TER;PRODUCTO;EQUIPO MEDICO;BIOLIFE TERMOMETRO DIGITAL;EQUIPO MEDICO;;UNIDAD;1;EQUIPO MEDICO  UNIDAD X 1;0;;1/01/2029;;;0;15;0;ACTIVO
Molino;TAB-BIS-262;PRODUCTO;TABLETA MASTICABLE;BISMUTOL;TABLETA MASTICABLE;262 MG;UNIDAD;1;TABLETA MASTICABLE 262 MG UNIDAD X 1;11;;1/01/2028;;;0;2;0;ACTIVO
Molino;JAR-BIS-120;PRODUCTO;JARABE;BISOLVON NIÑOS;JARABE;120 ML;UNIDAD;1;JARABE 120 ML UNIDAD X 1;1;;1/12/2026;;;0;20;0;ACTIVO
Molino;TAB-BON-000B;PRODUCTO;TABLETA;BONADOL;TABLETA;;UNIDAD;1;TABLETA  UNIDAD X 1;0;;1/01/2025;;;0;2;0;ACTIVO
Molino;TAB-BON-500;PRODUCTO;TABLETA;BONADOL;TABLETA;500 MG;UNIDAD;1;TABLETA 500 MG UNIDAD X 1;0;;1/10/2025;;;0;2;0;ACTIVO
Molino;JAR-BRO-60;PRODUCTO;JARABE;BRONCO VELAMOX NF;JARABE;60 ML;UNIDAD;1;JARABE 60 ML UNIDAD X 1;0;;1/08/2028;;;9;15;13;ACTIVO
Molino;TAB-BRO-500;PRODUCTO;TABLETA;BRONCOLEXIN;TABLETA;500 MG;UNIDAD;1;TABLETA 500 MG UNIDAD X 1;2;;1/03/2027;;;0;2;0;ACTIVO
Molino;CAP-BRO-115;PRODUCTO;CAPSULA;BRONCOPHAR PLUS NF;CAPSULA;115 MG;UNIDAD;1;CAPSULA 115 MG UNIDAD X 1;11;;1/05/2027;;;0;2;0;ACTIVO
Molino;TAB-BRP-12;PRODUCTO;TABLETA PARA CHUPAR;BRONCOPULMIN;TABLETA PARA CHUPAR;12.5 MG;UNIDAD;1;TABLETA PARA CHUPAR 12.5 MG UNIDAD X 1;0;;1/03/2027;;;2.3;3;0;ACTIVO
Molino;CAR-BUC-000;PRODUCTO;CARAMELO;BUCKCITO;CARAMELO;;UNIDAD;1;CARAMELO  UNIDAD X 1;3;;;;;0.5;1;0;ACTIVO
Molino;TAB-BUS-510;PRODUCTO;TABLETA;BUSCAPINA;TABLETA;510 MG;UNIDAD;1;TABLETA 510 MG UNIDAD X 1;8;;1/08/2023;;;0;2.2;0;ACTIVO
Molino;TAB-BUS-510B;PRODUCTO;TABLETA;BUSMEDIC;TABLETA;510 MG;UNIDAD;1;TABLETA 510 MG UNIDAD X 1;0;;1/07/2026;;;0;3.5;0;ACTIVO
Molino;JAB-CAM-85;PRODUCTO;JABON;CAMAY;JABON;85 GR;UNIDAD;1;JABON 85 GR UNIDAD X 1;1;;1/05/2022;;;0;5;0;ACTIVO
Molino;INS-CAT-000;PRODUCTO;INSUMO MEDICO;CATETER MEDICO;INSUMO MEDICO;;UNIDAD;1;INSUMO MEDICO  UNIDAD X 1;0;;1/03/2028;;;0;3.5;0;ACTIVO
Molino;AMP-CEF-1;PRODUCTO;AMPOLLA POLVO;CEFTRIAXONA;AMPOLLA POLVO;1 GR;UNIDAD;1;AMPOLLA POLVO 1 GR UNIDAD X 1;1;;1/08/2028;;;0;5;0;ACTIVO
Molino;TAB-CEL-200;PRODUCTO;TABLETA;CELECOXIB;TABLETA;200 MG;UNIDAD;1;TABLETA 200 MG UNIDAD X 1;3;;1/08/2028;;;0;1;0;ACTIVO
Molino;HOR-COL-CEP;PRODUCTO;HIGIENE ORAL;CEPILLO DENTAL COLGATE;CEPILLO;;UNIDAD;1;HIGIENE ORAL  UNIDAD X 1;0;;;;;0;5;0;ACTIVO
Molino;HOR-DEN-CEP;PRODUCTO;HIGIENE ORAL;CEPILLO DENTAL DENTO;CEPILLO;;UNIDAD;1;HIGIENE ORAL  UNIDAD X 1;10;;;;;0;2;0;ACTIVO
Molino;HOR-VIT-CEP;PRODUCTO;HIGIENE ORAL;CEPILLO DENTAL VITIS;CEPILLO;;UNIDAD;1;HIGIENE ORAL  UNIDAD X 1;0;;;;;0;20;0;ACTIVO
Molino;LIQ-ELI-340;PRODUCTO;LIQUIDO;ELITON FORTE;LIQUIDO;340 ML;UNIDAD;1;LIQUIDO 340 ML UNIDAD X 1;0;;1/09/2025;;;0;50;0;ACTIVO
Molino;LIQ-ELI-30;PRODUCTO;LIQUIDO ORAL;ELIXIR ESTOMACAL;LIQUIDO ORAL;30 ML;UNIDAD;1;LIQUIDO ORAL 30 ML UNIDAD X 1;0;;1/08/2028;;;1.5;2;0;ACTIVO
Molino;TAB-ELU-015;PRODUCTO;TABLETA ANTICONCEPTIVA;ELUDDE;TABLETA;1.5 MG;UNIDAD;1;TABLETA ANTICONCEPTIVA 1.5 MG UNIDAD X 1;0;;1/04/2028;;;2;10;0;ACTIVO
Molino;AMP-ENT-BEB;PRODUCTO;AMPOLLA BEBIBLE;ENTEROGERMINA;AMPOLLA BEBIBLE;;UNIDAD;1;AMPOLLA BEBIBLE  UNIDAD X 1;2;;1/01/2026;;;0;4.5;0;ACTIVO
Molino;CAP-ENT-50;PRODUCTO;CAPSULA;ENTEROPHAR;CAPSULA;50 MG;UNIDAD;1;CAPSULA 50 MG UNIDAD X 1;0;;1/10/2027;;;0;2;0;ACTIVO
Molino;INS-BEN-000;PRODUCTO;INSUMO MEDICO;EQUIPO DE BENOCLISIS;INSUMO MEDICO;;UNIDAD;1;INSUMO MEDICO  UNIDAD X 1;0;;;;;0;2.5;0;ACTIVO
Molino;HIG-ESP-PEQ;PRODUCTO;HIGIENE;ESPEJO PEQUEÑO;HIGIENE;;UNIDAD;1;HIGIENE  UNIDAD X 1;0;;;;;0;1;0;ACTIVO
Molino;DES-ETI-100;PRODUCTO;DESODORANTE;ETIQUET SACHET;DESODORANTE;100 GR;UNIDAD;1;DESODORANTE 100 GR UNIDAD X 1;0;;1/05/2026;;;0;2;0;ACTIVO
Molino;TAB-FAM-28;PRODUCTO;TABLETA ANTICONCEPTIVA;FAMILIA 28;TABLETA;28 DIAS;UNIDAD;1;TABLETA ANTICONCEPTIVA 28 DIAS UNIDAD X 1;1;;1/09/2027;;;0;18;0;ACTIVO
Molino;INS-CUR-FAM;PRODUCTO;INSUMO MEDICO;FAMILY DOCTOR CURITAS;INSUMO MEDICO;;UNIDAD;1;INSUMO MEDICO  UNIDAD X 1;16;;;;;0;0.2;0;ACTIVO
Molino;TAB-FEM-015;PRODUCTO;TABLETA ANTICONCEPTIVA;FEMDAY;TABLETA;1.5 MG;UNIDAD;1;TABLETA ANTICONCEPTIVA 1.5 MG UNIDAD X 1;1;;1/11/2027;;;0;25;0;ACTIVO
Molino;TAB-FEN-000;PRODUCTO;TABLETA;FENAZOPIRINA;TABLETA;;UNIDAD;1;TABLETA  UNIDAD X 1;12;;1/12/2027;;;0;1;0;ACTIVO
Molino;AMP-FER-5;PRODUCTO;AMPOLLA;FERROVITON;AMPOLLA;5 ML;CAJA;5;AMPOLLA 5 ML CAJA X 5;5;;1/10/2026;;;5;40;0;ACTIVO
Molino;CAP-FLA-000;PRODUCTO;CAPSULA;FLATUZYM;CAPSULA;;UNIDAD;1;CAPSULA  UNIDAD X 1;0;;1/07/2025;;;0;1.5;0;ACTIVO
Molino;GOT-FLO-8;PRODUCTO;GOTAS;FLORIL;GOTAS;8 ML;UNIDAD;1;GOTAS 8 ML UNIDAD X 1;8;;1/02/2028;;;7.5;15;0;ACTIVO
Molino;TAB-FLU-150;PRODUCTO;TABLETA;FLUCONAZOL;TABLETA;150 MG;UNIDAD;1;TABLETA 150 MG UNIDAD X 1;3;;1/08/2027;;;0;1;0;ACTIVO
Molino;SOB-FLU-600;PRODUCTO;SOBRE;FLUIBRONCOL;SOBRE;600 MG;UNIDAD;1;SOBRE 600 MG UNIDAD X 1;3;;1/04/2028;;;0;3;0;ACTIVO
Molino;SOB-FLU-000;PRODUCTO;SOBRE;FLUIDOSA;SOBRE;;UNIDAD;1;SOBRE  UNIDAD X 1;0;;1/12/2025;;;0;3.5;0;ACTIVO
Molino;INS-FRA-ESP;PRODUCTO;INSUMO MEDICO;FRASCO MUESTRA CON ESPATULA;INSUMO MEDICO;;UNIDAD;1;INSUMO MEDICO  UNIDAD X 1;0;;;;;0.6;1.5;0;ACTIVO
Molino;AMP-FUR-2;PRODUCTO;AMPOLLA;FUROSEMIDA;AMPOLLA;2 ML;UNIDAD;1;AMPOLLA 2 ML UNIDAD X 1;0;;1/12/2026;;;0;5;0;ACTIVO
Molino;INS-GAS-5X5;PRODUCTO;INSUMO MEDICO;GASA ESTERIL;INSUMO MEDICO;5X5 CM;UNIDAD;1;INSUMO MEDICO 5X5 CM UNIDAD X 1;2;;1/02/2026;;;0;1;0;ACTIVO
Molino;AMP-GEN-2;PRODUCTO;AMPOLLA;GENTABIOT;AMPOLLA;2 ML;UNIDAD;1;AMPOLLA 2 ML UNIDAD X 1;0;;1/05/2026;;;0;8;0;ACTIVO
Molino;SOB-GIN-3;PRODUCTO;SOBRE;GINGISONA;SOBRE;3 MG;UNIDAD;1;SOBRE 3 MG UNIDAD X 1;2;;1/08/2026;;;0;3.5;0;ACTIVO
Molino;INS-GOR-DES;PRODUCTO;INSUMO MEDICO;GORRA DESECHABLE;INSUMO MEDICO;;UNIDAD;1;INSUMO MEDICO  UNIDAD X 1;0;;;;;0;1;0;ACTIVO
Molino;TAB-GRI-000;PRODUCTO;TABLETA;GRIPOCHECK;TABLETA;;UNIDAD;1;TABLETA  UNIDAD X 1;13;;1/01/2026;;;0;2.5;0;ACTIVO
Molino;INS-GUA-LAT;PRODUCTO;INSUMO MEDICO;GUANTES LATEX DESCARTABLES;INSUMO MEDICO;;CAJA;100;INSUMO MEDICO  CAJA X 100;40;;1/07/2030;;;0.125;1;0;ACTIVO
Molino;INS-GUA-QUI;PRODUCTO;INSUMO MEDICO;GUANTES LATEX QUIRURGICOS;INSUMO MEDICO;;UNIDAD;1;INSUMO MEDICO  UNIDAD X 1;3;;1/05/2025;;;0;2.5;0;ACTIVO
Molino;CRE-HEM-000;PRODUCTO;CREMA;HEMORROGINAL;CREMA;;UNIDAD;1;CREMA  UNIDAD X 1;0;;1/03/2026;;;0;3.8;0;ACTIVO
Molino;AMP-HEP-12;PRODUCTO;AMPOLLA;HEPAFORT;AMPOLLA;12 ML;UNIDAD;1;AMPOLLA 12 ML UNIDAD X 1;0;;1/03/2026;;;0;30;0;ACTIVO
Molino;AMP-HID-250;PRODUCTO;AMPOLLA POLVO;HIDROCORTISONA;AMPOLLA POLVO;250 MG;UNIDAD;1;AMPOLLA POLVO 250 MG UNIDAD X 1;0;;1/04/2027;;;0;10;0;ACTIVO
Molino;TAB-HIG-300;PRODUCTO;TABLETA;HIGANATUR MAX;TABLETA;300 MG;UNIDAD;1;TABLETA 300 MG UNIDAD X 1;3;;1/11/2025;;;0;2.7;0;ACTIVO
Molino;JAB-HUG-75;PRODUCTO;JABON;HUGGIES EXTRA SUAVE;JABON;75 GR;UNIDAD;1;JABON 75 GR UNIDAD X 1;0;;1/05/2025;;;0;5;0;ACTIVO
Molino;HIG-HUG-20;PRODUCTO;HIGIENE BEBE;HUGGIES NAT CARE;HIGIENE BEBE;20 UND;BOLSA;20;HIGIENE BEBE 20 UND BOLSA X 20;0;;;BOTICA SANTA ANA;14.5;14.5;17;0;ACTIVO
Molino;CAP-IBU-105;PRODUCTO;CAPSULA;IBUPIROL;CAPSULA;105 MG;UNIDAD;1;CAPSULA 105 MG UNIDAD X 1;0;;1/11/2026;;;0;2;0;ACTIVO
Molino;JAR-IBU-120;PRODUCTO;JARABE;IBUPROFENO;JARABE;120 ML;UNIDAD;1;JARABE 120 ML UNIDAD X 1;0;;1/10/2026;L0004;Huanuco;0.8;6;10;ACTIVO
Molino;JAR-IBU-60;PRODUCTO;JARABE;IBUPROFENO;JARABE;60 ML;UNIDAD;1;JARABE 60 ML UNIDAD X 1;0;;1/10/2025;;;5.6;8;0;ACTIVO
Molino;TAB-IBU-000;PRODUCTO;TABLETA;IBUPROFENO;TABLETA;;UNIDAD;1;TABLETA  UNIDAD X 1;1;;1/10/2026;;;0;6;0;ACTIVO
Molino;TAB-IBU-400;PRODUCTO;TABLETA;IBUPROFENO;TABLETA;400 MG;UNIDAD;1;TABLETA 400 MG UNIDAD X 1;0;;1/06/2026;;;0.1;0.5;0;ACTIVO
Molino;TAB-IBU-800;PRODUCTO;TABLETA;IBUPROFENO;TABLETA;800 MG;UNIDAD;1;TABLETA 800 MG UNIDAD X 1;9;;1/06/2028;;;0;1;0;ACTIVO
Molino;TAL-ISA-240;PRODUCTO;TALCO;ISANA TALCO PIE;TALCO;240 GR;UNIDAD;1;TALCO 240 GR UNIDAD X 1;0;;1/08/2025;;;0;16;0;ACTIVO
Molino;TAL-ISA-60;PRODUCTO;TALCO;ISANA TALCO PIE;TALCO;60 GR;UNIDAD;1;TALCO 60 GR UNIDAD X 1;0;;1/04/2028;;;0;12;0;ACTIVO
Molino;JER-FAM-1;PRODUCTO;JERINGA;JERINGA FAMILY DOCTOR;JERINGA;1 ML;UNIDAD;1;JERINGA 1 ML UNIDAD X 1;1;;1/05/2028;;;0;0.2;0;ACTIVO
Molino;JER-FAM-10;PRODUCTO;JERINGA;JERINGA FAMILY DOCTOR;JERINGA;10 ML;UNIDAD;1;JERINGA 10 ML UNIDAD X 1;6;;1/05/2028;;;0;1;0;ACTIVO
Molino;JER-FAM-5;PRODUCTO;JERINGA;JERINGA FAMILY DOCTOR;JERINGA;5 ML;UNIDAD;1;JERINGA 5 ML UNIDAD X 1;0;;1/09/2029;;;0;1;0;ACTIVO
Molino;JER-HIP-10;PRODUCTO;JERINGA;JERINGA HIPODERMICA;JERINGA;10 ML;UNIDAD;1;JERINGA 10 ML UNIDAD X 1;1;;1/05/2026;;;0;1;0;ACTIVO
Molino;JER-HIP-5;PRODUCTO;JERINGA;JERINGA HIPODERMICA;JERINGA;5 ML;CAJA;100;JERINGA 5 ML CAJA X 100;102;;1/08/2028;;;0.16;1;0;ACTIVO
Molino;CRE-KET-20;PRODUCTO;CREMA;KETOCONAZOL;CREMA;20 GR;UNIDAD;1;CREMA 20 GR UNIDAD X 1;0;;1/01/2026;;;0;6;0;ACTIVO
Molino;AMP-KET-2;PRODUCTO;AMPOLLA;KETOROLACO;AMPOLLA;2 ML;UNIDAD;1;AMPOLLA 2 ML UNIDAD X 1;0;;1/01/2026;;;0;8;0;ACTIVO
Molino;AMP-KET-5;PRODUCTO;AMPOLLA;KETOPROFENO;AMPOLLA;5 ML;UNIDAD;1;AMPOLLA 5 ML UNIDAD X 1;0;;1/09/2028;;;0;8;0;ACTIVO
Molino;TAB-KET-10;PRODUCTO;TABLETA;KETOROLACO;TABLETA;10 MG;UNIDAD;1;TABLETA 10 MG UNIDAD X 1;14;;1/07/2028;;;0;0.5;0;ACTIVO
Molino;SOB-KIT-565;PRODUCTO;SOBRE;KITADOL MIGRAÑA;SOBRE;565 MG;UNIDAD;1;SOBRE 565 MG UNIDAD X 1;1;;1/03/2026;;;0;2.3;0;ACTIVO
Molino;PAS-KOL-000;PRODUCTO;PASTA DENTAL;KOLINOS;PASTA DENTAL;;UNIDAD;1;PASTA DENTAL  UNIDAD X 1;1;;;;;0;5.5;0;ACTIVO
Molino;HIG-KOT-000;PRODUCTO;HIGIENE FEMENINA;KOTEX TOALLA HIGIENICA;HIGIENE FEMENINA;;UNIDAD;1;HIGIENE FEMENINA  UNIDAD X 1;4;;;;;0;5.5;0;ACTIVO
Molino;TAB-LAX-5;PRODUCTO;TABLETA;LAXALIX;TABLETA;5 MG;UNIDAD;1;TABLETA 5 MG UNIDAD X 1;0;;1/10/2026;;;0;1;0;ACTIVO
Molino;JAR-LMC-A;PRODUCTO;JARABE;LECHE DE MAGNESIA CIRUELA ADULTOS;JARABE;;UNIDAD;1;JARABE  UNIDAD X 1;0;;;;;8.4;13;0;ACTIVO
Molino;JAR-LMC-000;PRODUCTO;JARABE;LECHE DE MAGNESIA CIRUELA KIDS;JARABE;;UNIDAD;1;JARABE  UNIDAD X 1;0;;;;;8.4;13;0;ACTIVO
Molino;JAR-LMA-000;PRODUCTO;JARABE;LECHE DE MAGNESIA DURAZNO ADULTOS;JARABE;;UNIDAD;1;JARABE  UNIDAD X 1;0;;;;;8.4;13;0;ACTIVO
Molino;JAR-LMK-120;PRODUCTO;JARABE;LECHE DE MAGNESIA DURAZNO KIDS;JARABE;120 ML;UNIDAD;1;JARABE 120 ML UNIDAD X 1;1;;;;;8.4;13;0;ACTIVO
Molino;LIQ-LIM-100;PRODUCTO;BEBIDA;LIMONADA MARKUS;BEBIDA;100 ML;UNIDAD;1;BEBIDA 100 ML UNIDAD X 1;1;;1/09/2028;;;8.5;14;0;ACTIVO
Molino;TAB-LIN-500;PRODUCTO;TABLETA;LINCOMICINA;TABLETA;500 MG;UNIDAD;1;TABLETA 500 MG UNIDAD X 1;0;;1/10/2025;;;0;1;0;ACTIVO
Molino;LAB-LIP-000;PRODUCTO;LABIAL;LIPSALIV MANTECA CACAO;LABIAL;;UNIDAD;1;LABIAL  UNIDAD X 1;1;;1/03/2028;;;0;0.5;0;ACTIVO
Molino;TAB-LIV-000;PRODUCTO;TABLETA;LIVOLIN FORTE;TABLETA;;UNIDAD;1;TABLETA  UNIDAD X 1;0;;;;;0;3.5;0;ACTIVO
Molino;INS-LLA-TRI;PRODUCTO;INSUMO MEDICO;LLAVE TRIPLE VIA;INSUMO MEDICO;;UNIDAD;1;INSUMO MEDICO  UNIDAD X 1;0;;;;;0;4.5;0;ACTIVO
Molino;TAB-LOR-10;PRODUCTO;TABLETA;LORATADINA;TABLETA;10 MG;UNIDAD;1;TABLETA 10 MG UNIDAD X 1;0;;1/09/2025;;;0;0.5;0;ACTIVO
Molino;AMP-LYM-2;PRODUCTO;AMPOLLA;LYMPHDIARAL;AMPOLLA;2 ML;UNIDAD;1;AMPOLLA 2 ML UNIDAD X 1;0;;1/02/2027;;;0;23.9;0;ACTIVO
Molino;CAP-MAF-120;PRODUCTO;CAPSULA;MAFIDOL;CAPSULA;120 MG;UNIDAD;1;CAPSULA 120 MG UNIDAD X 1;0;;1/02/2026;;;0;2;0;ACTIVO
Molino;INS-MAS-DES;PRODUCTO;INSUMO MEDICO;MASCARILLA DESECHABLE;INSUMO MEDICO;;UNIDAD;1;INSUMO MEDICO  UNIDAD X 1;1;;;;;0;1;0;ACTIVO
Molino;JAR-MAT-60;PRODUCTO;JARABE;MATRADOL;JARABE;60 ML;UNIDAD;1;JARABE 60 ML UNIDAD X 1;0;;1/07/2027;;;3.9;7;0;ACTIVO
Molino;TAB-MEB-100;PRODUCTO;TABLETA;MEBENDAZOL;TABLETA;100 MG;UNIDAD;1;TABLETA 100 MG UNIDAD X 1;0;;1/09/2027;;;0.09;1;0;ACTIVO
Molino;POM-MEN-5;PRODUCTO;POMADA;MENTHOLATUM;POMADA;5 GR;UNIDAD;1;POMADA 5 GR UNIDAD X 1;0;;1/07/2028;;;0;3.5;0;ACTIVO
Molino;JER-MES-1;PRODUCTO;JERINGA;MESIGYNA;JERINGA;1 ML;UNIDAD;1;JERINGA 1 ML UNIDAD X 1;0;;1/07/2028;;;0;28;0;ACTIVO
Molino;GOT-MET-10;PRODUCTO;GOTAS;METAMIZOL SODICO;GOTAS;10 ML;UNIDAD;1;GOTAS 10 ML UNIDAD X 1;0;;1/11/2025;;;0;12;0;ACTIVO
Molino;TAB-MET-850;PRODUCTO;TABLETA;METFORMINA;TABLETA;850 MG;CAJA;100;TABLETA 850 MG CAJA X 100;100;;1/03/2027;;;0.09;1.5;0;ACTIVO
Molino;TAB-METD-000;PRODUCTO;TABLETA;METRODINASOL;TABLETA;;UNIDAD;1;TABLETA  UNIDAD X 1;6;;1/09/2026;;;0;1;0;ACTIVO
Molino;CAP-MET-550;PRODUCTO;CAPSULA;METROFEM OVULOS;CAPSULA;550 MG;CAJA;;CAPSULA 550 MG CAJA X ;2;;1/05/2028;L0001;Huanuco;2.25;4.5;8;ACTIVO
Molino;TAB-MET-500;PRODUCTO;TABLETA;METRONIDAZOL;TABLETA;500 MG;UNIDAD;1;TABLETA 500 MG UNIDAD X 1;0;;1/06/2025;;;0;3.5;0;ACTIVO
Molino;TAB-MIC-021;PRODUCTO;TABLETA ANTICONCEPTIVA;MICROGYNOM 21;TABLETA;0.18 MG;UNIDAD;1;TABLETA ANTICONCEPTIVA 0.18 MG UNIDAD X 1;0;;1/03/2026;;;0;18;0;ACTIVO
Molino;HIG-MIM-000;PRODUCTO;HIGIENE BEBE;MIMI PAÑAL;HIGIENE BEBE;;UNIDAD;1;HIGIENE BEBE  UNIDAD X 1;0;;;;;0;16;0;ACTIVO
Molino;TAB-MIO-484;PRODUCTO;TABLETA;MIODEL RELAX;TABLETA;484 MG;UNIDAD;1;TABLETA 484 MG UNIDAD X 1;8;;1/06/2027;;;0;2;0;ACTIVO
Molino;CRE-MUC-30;PRODUCTO;CREMA;MUCOVIT;CREMA;30 GR;UNIDAD;1;CREMA 30 GR UNIDAD X 1;0;;1/04/2025;;;0;40;0;ACTIVO
Molino;CAR-MUL-000;PRODUCTO;CARAMELO;MULTIBIOTICO;CARAMELO;28 TAB;UNIDAD;1;CARAMELO 28 TAB UNIDAD X 1;17;;;;;2.5;3.5;0;ACTIVO
Molino;TAB-MYO-000;PRODUCTO;TABLETA;MYODEL;TABLETA;;UNIDAD;1;TABLETA  UNIDAD X 1;0;;;;;0;2;0;ACTIVO
Molino;TAB-NAP-550;PRODUCTO;TABLETA;NAPROXENO SODICO;TABLETA;550 MG;UNIDAD;1;TABLETA 550 MG UNIDAD X 1;8;;1/05/2028;;;0;1;0;ACTIVO
Molino;TAB-NAS-80;PRODUCTO;TABLETA;NASTIFLU;TABLETA;80 MG;CAJA;100;TABLETA 80 MG CAJA X 100;100;;1/03/2027;;;0.75;2.5;0;ACTIVO
Molino;TAB-NAT-80;PRODUCTO;TABLETA;NASTIZOL;TABLETA;80 MG;CAJA;150;TABLETA 80 MG CAJA X 150;150;;1/03/2027;;;0.66;1.7;0;ACTIVO
Molino;JAB-NEK-75;PRODUCTO;JABON;NEKO;JABON;75 GR;UNIDAD;1;JABON 75 GR UNIDAD X 1;2;;;;;0;5;0;ACTIVO
Molino;AMP-NEU-100;PRODUCTO;AMPOLLA;NEURUBION 10K;AMPOLLA;100 MG;UNIDAD;1;AMPOLLA 100 MG UNIDAD X 1;1;;1/01/2027;;;0;55;0;ACTIVO
Molino;HIG-NIN-TH;PRODUCTO;HIGIENE PERSONAL;NINET TOALLITA HUMEDA;HIGIENE PERSONAL;;UNIDAD;1;HIGIENE PERSONAL  UNIDAD X 1;0;;;;;5.5;10;0;ACTIVO
Molino;TAB-NIT-500;PRODUCTO;TABLETA;NITOXADIN;TABLETA;500 MG;CAJA;6;TABLETA 500 MG CAJA X 6;12;;1/08/2027;;;1.333333333;4;0;ACTIVO
Molino;CRE-NIV-30;PRODUCTO;CREMA;NIVEA ROSTRO;CREMA;30 ML;UNIDAD;1;CREMA 30 ML UNIDAD X 1;0;;;;;0;7.5;0;ACTIVO
Molino;DES-NIV-43;PRODUCTO;DESODORANTE;NIVEA;DESODORANTE;43 GR;UNIDAD;1;DESODORANTE 43 GR UNIDAD X 1;0;;1/09/2024;;;0;10;0;ACTIVO
Molino;DES-NIV-SAC;PRODUCTO;DESODORANTE;NIVEA VARON SACHET;DESODORANTE;;UNIDAD;1;DESODORANTE  UNIDAD X 1;3;;1/08/2026;;;0;1.5;0;ACTIVO
Molino;TAB-NOG-25;PRODUCTO;TABLETA ANTICONCEPTIVA;NOGESTROL;TABLETA;25 MG;UNIDAD;1;TABLETA ANTICONCEPTIVA 25 MG UNIDAD X 1;3;;1/08/2028;;;2;18;0;ACTIVO
Molino;AMP-NOR-1;PRODUCTO;AMPOLLA ANTICONCEPTIVA;NORIFAM;AMPOLLA;1 ML;UNIDAD;1;AMPOLLA ANTICONCEPTIVA 1 ML UNIDAD X 1;1;;1/04/2026;;;0;20;0;ACTIVO
Molino;HIG-NOS-10;PRODUCTO;HIGIENE FEMENINA;NOSOTRAS ALAS TELA GEL;HIGIENE FEMENINA;10 UND;BOLSA;10;HIGIENE FEMENINA 10 UND BOLSA X 10;0;;;;;4.173666667;5;0;ACTIVO
Molino;HIG-NOS-PAK;PRODUCTO;HIGIENE FEMENINA;NOSOTRAS NOCHE;HIGIENE FEMENINA;;UNIDAD;1;HIGIENE FEMENINA  UNIDAD X 1;0;;;;;6.880555556;9;0;ACTIVO
Molino;TAB-NOV-500;PRODUCTO;TABLETA;NOVALGINA;TABLETA;500 MG;UNIDAD;1;TABLETA 500 MG UNIDAD X 1;6;;1/03/2027;;;0;1.5;0;ACTIVO
Molino;TAB-NUT-000;PRODUCTO;TABLETA;NUTRIBELA;TABLETA;;UNIDAD;1;TABLETA  UNIDAD X 1;0;;1/01/2026;;;0;1.5;0;ACTIVO
Molino;AMP-OME-40;PRODUCTO;AMPOLLA POLVO;OMEPRAZOL;AMPOLLA POLVO;40 MG;UNIDAD;1;AMPOLLA POLVO 40 MG UNIDAD X 1;1;;1/04/2025;;;0;5;0;ACTIVO
Molino;ENJ-ORB-500;PRODUCTO;ENJUAGUE BUCAL;ORAL B;ENJUAGUE BUCAL;500 ML;UNIDAD;1;ENJUAGUE BUCAL 500 ML UNIDAD X 1;0;;1/01/2025;;;0;15;0;ACTIVO
Molino;PAS-ORB-37;PRODUCTO;PASTA DENTAL;ORAL B KIDS;PASTA DENTAL;37 ML;UNIDAD;1;PASTA DENTAL 37 ML UNIDAD X 1;0;;1/11/2024;;;0;4.5;0;ACTIVO
Molino;AMP-ORF-2;PRODUCTO;AMPOLLA;ORFENADRINA CITRATO;AMPOLLA;2 ML;UNIDAD;1;AMPOLLA 2 ML UNIDAD X 1;0;;1/06/2027;;;0;6;0;ACTIVO
Molino;POL-ZIN-50;PRODUCTO;POLVO TOPICO;OXIDO DE ZINC;POLVO;50 GR;UNIDAD;1;POLVO TOPICO 50 GR UNIDAD X 1;0;;1/08/2026;;;0;2.5;0;ACTIVO
Molino;SOB-PAN-507;PRODUCTO;SOBRE;PANADOL ADULTO;SOBRE;507 MG;UNIDAD;1;SOBRE 507 MG UNIDAD X 1;0;;1/12/2026;;;0;2.6;0;ACTIVO
Molino;TAB-PAN-565;PRODUCTO;TABLETA;PANADOL FORTE;TABLETA;565 MG;CAJA;140;TABLETA 565 MG CAJA X 140;140;;1/02/2027;;;0.835714286;2.5;0;ACTIVO
Molino;JAR-PAN-60;PRODUCTO;JARABE;PANADOL NIÑOS;JARABE;60 ML;UNIDAD;1;JARABE 60 ML UNIDAD X 1;0;;1/01/2026;;;0;24;0;ACTIVO
Molino;TAB-PAN-800;PRODUCTO;TABLETA;PANADOL NIÑOS;TABLETA;800 MG;UNIDAD;1;TABLETA 800 MG UNIDAD X 1;2;;1/08/2026;;;0;1.5;0;ACTIVO
Molino;SHA-PAN-000;PRODUCTO;SHAMPOO;PANTENE;SHAMPOO;7 ML;UNIDAD;1;SHAMPOO 7 ML UNIDAD X 1;1;;1/03/2026;;;0;5.5;0;ACTIVO
Molino;INS-TOA-000;PRODUCTO;INSUMO;PAPEL TOALLA;INSUMO;;UNIDAD;1;INSUMO  UNIDAD X 1;1;;;;;0;4;0;ACTIVO
Molino;GOT-PAR-10;PRODUCTO;GOTAS;PARACETAMOL;GOTAS;10 ML;UNIDAD;1;GOTAS 10 ML UNIDAD X 1;0;;1/06/2026;;;0;8;0;ACTIVO
Molino;JAR-PAR-120;PRODUCTO;JARABE;PARACETAMOL;JARABE;120 ML;UNIDAD;1;JARABE 120 ML UNIDAD X 1;0;;1/01/2026;;;0;12;0;ACTIVO
Molino;PAR-LEO-1218;PRODUCTO;PARCHE;PARCHE LEON;PARCHE;12X18 CM;UNIDAD;1;PARCHE 12X18 CM UNIDAD X 1;0;;;;;0;20;0;ACTIVO
Molino;AMP-PAS-2;PRODUCTO;AMPOLLA;PASCONAL;AMPOLLA;2 ML;UNIDAD;1;AMPOLLA 2 ML UNIDAD X 1;0;;1/12/2028;;;0;23.9;0;ACTIVO
Molino;HIG-PEI-GP;PRODUCTO;HIGIENE;PEINE GRANDE Y PEQUEÑO;HIGIENE;;UNIDAD;1;HIGIENE  UNIDAD X 1;0;;;;;0;1;0;ACTIVO
Molino;PRE-PIE-CLA;PRODUCTO;PRESERVATIVO;PIEL CLASICO;PRESERVATIVO;;UNIDAD;1;PRESERVATIVO  UNIDAD X 1;6;;;;;0;5;0;ACTIVO
Molino;PRE-PIE-RET;PRODUCTO;PRESERVATIVO;PIEL RETARDANTE;PRESERVATIVO;24 UND;CAJA;24;PRESERVATIVO 24 UND CAJA X 24;21;;;;;2.708333333;6;0;ACTIVO
Molino;TAB-PIL-015;PRODUCTO;TABLETA ANTICONCEPTIVA;PILLANT;TABLETA;1.5 MG;UNIDAD;1;TABLETA ANTICONCEPTIVA 1.5 MG UNIDAD X 1;3;;1/03/2026;;;0;20;0;ACTIVO
Molino;TAB-PIR-250;PRODUCTO;TABLETA;PIRANTEL;TABLETA;250 MG;UNIDAD;1;TABLETA 250 MG UNIDAD X 1;0;;1/01/2027;;;0;2.5;0;ACTIVO
Molino;TAB-PLI-510;PRODUCTO;TABLETA;PLIDAN COMPUESTO;TABLETA;510 MG;UNIDAD;1;TABLETA 510 MG UNIDAD X 1;9;;1/06/2024;;;0;2.2;0;ACTIVO
Molino;CRE-POR-20;PRODUCTO;CREMA;PORTIL NF;CREMA;20 GR;UNIDAD;1;CREMA 20 GR UNIDAD X 1;4;;1/08/2027;;;2.8;8;0;ACTIVO
Molino;TAB-POS-ANT;PRODUCTO;TABLETA ANTICONCEPTIVA;POSTTERGA;TABLETA;;UNIDAD;1;TABLETA ANTICONCEPTIVA  UNIDAD X 1;2;;;;;0;20;0;ACTIVO
Molino;JAR-PRE-60;PRODUCTO;JARABE;PREDNISONA;JARABE;60 ML;UNIDAD;1;JARABE 60 ML UNIDAD X 1;0;;1/12/2028;;;0;8;0;ACTIVO
Molino;TAB-PRE-5;PRODUCTO;TABLETA;PREDNISONA;TABLETA;5 MG;CAJA;100;TABLETA 5 MG CAJA X 100;4;;1/10/2026;;;0;0.5;0;ACTIVO
Molino;TAB-PRE-50;PRODUCTO;TABLETA;PREDNISONA;TABLETA;50 MG;UNIDAD;1;TABLETA 50 MG UNIDAD X 1;0;;1/01/2028;;;0;10;0;ACTIVO
Molino;HIG-PRE-000;PRODUCTO;HIGIENE;PRESTOBARBA;HIGIENE;;UNIDAD;1;HIGIENE  UNIDAD X 1;1;;;;;3.5;4;0;ACTIVO
Molino;JAB-PRO-310;PRODUCTO;JABON;PROTEX;JABON;310 GR;UNIDAD;1;JABON 310 GR UNIDAD X 1;0;;1/09/2027;;;0;5;0;ACTIVO
Molino;CRE-PRO-30;PRODUCTO;CREMA;PROCTOGEL NF;CREMA;30 GR;CAJA;12;CREMA 30 GR CAJA X 12;12;;1/03/2028;;;1.833333333;28;0;ACTIVO
Molino;TAB-QUI-5;PRODUCTO;TABLETA;QUITOLER;TABLETA;5 MG;UNIDAD;1;TABLETA 5 MG UNIDAD X 1;0;;1/08/2025;;;0;0.5;0;ACTIVO
Molino;TAB-RAN-300;PRODUCTO;TABLETA;RANITIDINA;TABLETA;300 MG;UNIDAD;1;TABLETA 300 MG UNIDAD X 1;0;;1/10/2025;;;0;1;0;ACTIVO
Molino;INY-REF-50;PRODUCTO;INYECTABLE;REFORCE VITAMINA C;INYECTABLE;50 ML;UNIDAD;1;INYECTABLE 50 ML UNIDAD X 1;0;;1/10/2027;;;0;45;0;ACTIVO
Molino;TAB-REL-300;PRODUCTO;TABLETA;RELAFLEX PLUS;TABLETA;300 MG;UNIDAD;1;TABLETA 300 MG UNIDAD X 1;1;;1/05/2025;;;0;2.5;0;ACTIVO
Molino;TAB-REP-000B;PRODUCTO;TABLETA;REPOPLEX;TABLETA;;UNIDAD;1;TABLETA  UNIDAD X 1;0;;1/09/2035;;;0;2.5;0;ACTIVO
Molino;JAR-REP-10;PRODUCTO;JARABE;REPRIMAN;JARABE;10 ML;UNIDAD;1;JARABE 10 ML UNIDAD X 1;0;;1/07/2027;;;0;11;0;ACTIVO
Molino;JAR-REP-50;PRODUCTO;JARABE;REPRIMAN;JARABE;50 ML;UNIDAD;1;JARABE 50 ML UNIDAD X 1;1;;1/10/2027;;;8;12;0;ACTIVO
Molino;TAB-REP-500;PRODUCTO;TABLETA;REPRIMAN;TABLETA;500 MG;UNIDAD;1;TABLETA 500 MG UNIDAD X 1;4;;1/08/2027;;;0;1;0;ACTIVO
Molino;TAB-RES-000;PRODUCTO;TABLETA;RESFRIOL FORTE;TABLETA;;UNIDAD;1;TABLETA  UNIDAD X 1;2;;1/01/2027;;;0;2;0;ACTIVO
Molino;DES-REX-M100;PRODUCTO;DESODORANTE;REXONA MUJER;DESODORANTE;100 GR;CAJA;10;DESODORANTE 100 GR CAJA X 10;9;;;;;0.95;1.5;0;ACTIVO
Molino;DES-REX-V100;PRODUCTO;DESODORANTE;REXONA VARON;DESODORANTE;100 GR;CAJA;10;DESODORANTE 100 GR CAJA X 10;0;;;;;0.95;1.5;0;ACTIVO
Molino;CRP-SAV-275;PRODUCTO;CREMA PARA PEINAR;SAVITAL;CREMA;275 ML;UNIDAD;1;CREMA PARA PEINAR 275 ML UNIDAD X 1;0;;1/01/2028;;;0;13;0;ACTIVO
Molino;SHA-HSM-SAC;PRODUCTO;SHAMPOO;HEAD & SHOULDERS MUJER;SHAMPOO;SACHET;UNIDAD;1;SHAMPOO SACHET UNIDAD X 1;1;;;;;0;1;0;ACTIVO
Molino;SHA-HSV-SAC;PRODUCTO;SHAMPOO;HEAD & SHOULDERS;SHAMPOO;SACHET;UNIDAD;1;SHAMPOO SACHET UNIDAD X 1;0;;;;;0;1;0;ACTIVO
Molino;TAB-SIL-100;PRODUCTO;TABLETA;SILDENAFILO;TABLETA;100 MG;UNIDAD;1;TABLETA 100 MG UNIDAD X 1;5;;1/01/2026;;;0;5;0;ACTIVO
Molino;TAB-SIL-50;PRODUCTO;TABLETA;SILDENAFILO;TABLETA;50 MG;UNIDAD;1;TABLETA 50 MG UNIDAD X 1;3;;1/07/2026;;;0;3.5;0;ACTIVO
Molino;TAB-SIM-000;PRODUCTO;TABLETA;SIMETICONA;TABLETA;;UNIDAD;1;TABLETA  UNIDAD X 1;1;;1/06/2027;;;0;1;0;ACTIVO
Molino;TAB-SIM-80;PRODUCTO;TABLETA;SIMETICONA;TABLETA;80 MG;UNIDAD;1;TABLETA 80 MG UNIDAD X 1;8;;1/07/2027;;;0;1.5;0;ACTIVO
Molino;CRE-SIN-80;PRODUCTO;CREMA;SINESCAL;CREMA;80 GR;UNIDAD;1;CREMA 80 GR UNIDAD X 1;0;;1/12/2024;;;6.8;9;0;ACTIVO
Molino;AMP-SOL-1;PRODUCTO;AMPOLLA;SOLUTRES;AMPOLLA;1 ML;UNIDAD;1;AMPOLLA 1 ML UNIDAD X 1;0;;1/09/2027;;;0;33;0;ACTIVO
Molino;SOB-SWI-10;PRODUCTO;SOBRE;SWISSPEG LAXANTE;SOBRE;10 GR;UNIDAD;1;SOBRE 10 GR UNIDAD X 1;0;;1/06/2027;;;0;6;0;ACTIVO
Molino;SOB-TAP-DIA;PRODUCTO;SOBRE;TAPSIN DIA;SOBRE;;UNIDAD;1;SOBRE  UNIDAD X 1;12;;1/03/2027;;;0;2.5;0;ACTIVO
Molino;SOB-TAP-1;PRODUCTO;SOBRE;TAPSIN;SOBRE;1 GR;UNIDAD;1;SOBRE 1 GR UNIDAD X 1;0;;1/06/2026;;;0;2;0;ACTIVO
Molino;TAB-TAP-565;PRODUCTO;TABLETA MASTICABLE;TAPSIN;TABLETA;565 MG;UNIDAD;1;TABLETA MASTICABLE 565 MG UNIDAD X 1;3;;1/02/2027;;;0;2.5;0;ACTIVO
Molino;CRE-TER-20;PRODUCTO;CREMA;TERBINAFINA;CREMA;20 GR;UNIDAD;1;CREMA 20 GR UNIDAD X 1;2;;1/12/2027;;;0;6;0;ACTIVO
Molino;TAB-TER-250;PRODUCTO;TABLETA;TERBINAFINA;TABLETA;250 MG;UNIDAD;1;TABLETA 250 MG UNIDAD X 1;1;;1/04/2026;;;0;1;0;ACTIVO
Molino;SOB-TID-500;PRODUCTO;SOBRE;TIDOL ANTIGRIPAL;SOBRE;500 MG;UNIDAD;1;SOBRE 500 MG UNIDAD X 1;0;;1/12/2026;;;0.06;2.5;0;ACTIVO
Molino;LIQ-TIM-75;PRODUCTO;LIQUIDO;THIMOLINA;LIQUIDO;75 ML;CAJA;12;LIQUIDO 75 ML CAJA X 12;11;;1/11/2028;;;1.25;2.5;0;ACTIVO
Molino;LIQ-ARN-30;PRODUCTO;LIQUIDO;TINTURA DE ARNICA;LIQUIDO;30 ML;UNIDAD;1;LIQUIDO 30 ML UNIDAD X 1;1;;1/10/2025;;;0;1.5;0;ACTIVO
Molino;HIG-TUI-PAN;PRODUCTO;HIGIENE BEBE;TUINES PAÑAL;HIGIENE BEBE;;UNIDAD;1;HIGIENE BEBE  UNIDAD X 1;0;;;;;0;3;0;ACTIVO
Molino;HIG-TUI-000;PRODUCTO;HIGIENE FEMENINA;TUINIS TOALLA HIGIENICA;HIGIENE FEMENINA;;UNIDAD;1;HIGIENE FEMENINA  UNIDAD X 1;0;;;;;0;4;0;ACTIVO
Molino;TAB-URO-200;PRODUCTO;TABLETA;UROPOL;TABLETA;200 MG;UNIDAD;1;TABLETA 200 MG UNIDAD X 1;3;;1/11/2026;;;1.1;2;0;ACTIVO
Molino;LIQ-VAL-30;PRODUCTO;LIQUIDO;VALERIANA TINTURA;LIQUIDO;30 ML;UNIDAD;1;LIQUIDO 30 ML UNIDAD X 1;0;;1/08/2027;;;0;1.5;0;ACTIVO
Molino;INS-VAS-MUE;PRODUCTO;INSUMO MEDICO;VASO MUESTRA PLASTICO;INSUMO MEDICO;;UNIDAD;1;INSUMO MEDICO  UNIDAD X 1;0;;;;;0;2.5;0;ACTIVO
Molino;INS-VEN-ALG;PRODUCTO;INSUMO MEDICO;VENDA DE ALGODON;INSUMO MEDICO;;UNIDAD;1;INSUMO MEDICO  UNIDAD X 1;0;;;;;0;2;0;ACTIVO
Molino;INS-VEN-AZU;PRODUCTO;INSUMO MEDICO;VENDA ELASTICA AZUL;INSUMO MEDICO;;UNIDAD;1;INSUMO MEDICO  UNIDAD X 1;1;;;;;0;5;0;ACTIVO
Molino;INS-VEN-VER;PRODUCTO;INSUMO MEDICO;VENDA ELASTICA VERDE;INSUMO MEDICO;;UNIDAD;1;INSUMO MEDICO  UNIDAD X 1;1;;;;;0;5.5;0;ACTIVO
Molino;INS-VEN-PEQ;PRODUCTO;INSUMO MEDICO;VENDA PEQUEÑA;INSUMO MEDICO;;UNIDAD;1;INSUMO MEDICO  UNIDAD X 1;1;;;;;0;2.5;0;ACTIVO
Molino;CRE-VIC-12;PRODUCTO;CREMA;VICK VAPORUB ADULTO;CREMA;12 GR;CAJA;12;CREMA 12 GR CAJA X 12;8;;1/11/2026;;;2.916666667;3.5;0;ACTIVO
Molino;LIQ-VIN-120;PRODUCTO;LIQUIDO;VINAGRE BULLY;LIQUIDO;120 ML;UNIDAD;1;LIQUIDO 120 ML UNIDAD X 1;3;;1/09/2027;;;0;4;0;ACTIVO
Molino;AMP-B12-1;PRODUCTO;AMPOLLA;VITAMINA B12;AMPOLLA;1 ML;UNIDAD;1;AMPOLLA 1 ML UNIDAD X 1;0;;1/06/2028;;;0;23.9;0;ACTIVO
Molino;CAP-VIT-400;PRODUCTO;CAPSULA;VITAMINA E PROCAPS;CAPSULA;400 UI;UNIDAD;1;CAPSULA 400 UI UNIDAD X 1;4;;1/01/2027;;;0;1.5;0;ACTIVO
Molino;SOB-VIT-560;PRODUCTO;SOBRE;VITO PIRENA;SOBRE;560 MG;UNIDAD;1;SOBRE 560 MG UNIDAD X 1;0;;1/09/2026;;;0;3;0;ACTIVO
Molino;TAB-VOD-300;PRODUCTO;TABLETA;VODRAVOL;TABLETA;300 MG;UNIDAD;1;TABLETA 300 MG UNIDAD X 1;2;;1/11/2025;;;0;2;0;ACTIVO
Molino;LIQ-WEL-345;PRODUCTO;LIQUIDO;WELLPORT;LIQUIDO;345 ML;UNIDAD;1;LIQUIDO 345 ML UNIDAD X 1;0;;1/08/2025;;;0;40;0;ACTIVO
Molino;SHA-PAN-001;PRODUCTO;SHAMPOO;PANTENE;SHAMPOO;400 ML;UNIDAD;1;SHAMPOO 400 ML UNIDAD X 1;0;;0/01/1900;;;20.7;25;0;ACTIVO
Molino;SHA-DOV-000;PRODUCTO;SHAMPOO;DOVE;SHAMPOO;400 ML;UNIDAD;1;SHAMPOO 400 ML UNIDAD X 1;0;;0/01/1900;;;15;18;0;ACTIVO
Molino;SHA-NUT-000;PRODUCTO;SHAMPOO;NUTRIBELA;SHAMPOO;400 ML;UNIDAD;1;SHAMPOO 400 ML UNIDAD X 1;0;;0/01/1900;;;18.5;20;0;ACTIVO
Molino;SHA-H&S-000;PRODUCTO;SHAMPOO;HEAD & SHOULDERS;SHAMPOO;375 ML;UNIDAD;1;SHAMPOO 375 ML UNIDAD X 1;0;;;;;19.5;23;23;ACTIVO
Molino;HIG-NIN-PAN;PRODUCTO;HIGIENE BEBE;NINET PAÑAL INDIVIDUAL;HIGIENE BEBE;T/L;UNIDAD;1;HIGIENE BEBE T/L UNIDAD X 1;0;;0/01/1900;;;1.3;2;53;ACTIVO
Molino;HIG-HUG-60;PRODUCTO;HIGIENE BEBE;HUGGIES NAT CARE M;HIGIENE BEBE;60 UND;BOLSA;60;HIGIENE BEBE 60 UND BOLSA X 60;2;;0/01/1900;;;0.783333333;2;0;ACTIVO
Molino;TAB-CLA-000;PRODUCTO;TABLETA;CLAVULAB;TABLETA;;UNIDAD;1;TABLETA  UNIDAD X 1;0;;1/10/2027;;;0;4.5;0;ACTIVO
Molino;ENJ-LIST-180;PRODUCTO;ENJUAGUE BUCAL;LISTERINE;ENJUAGUE BUCAL;180 ML;UNIDAD;1;ENJUAGUE BUCAL 180 ML UNIDAD X 1;0;;0/01/1900;;;11.7;15;0;ACTIVO
Molino;SPR-AFT-30;PRODUCTO;SOLUCION ORAL;SULFA TRI;SOLUCION ORAL;60 ML;UNIDAD;1;SOLUCION ORAL 60 ML UNIDAD X 1;0;;0/01/1900;;;3.6;6;0;ACTIVO
Molino;HOR-KOL-CEP;PRODUCTO;HIGIENE ORAL;KOLYNOS CEPILLO;HIGIENE ORAL;;UNIDAD;1;HIGIENE ORAL  UNIDAD X 1;0;;;;;2.7;4.5;0;ACTIVO
Molino;TAB-HEP-100;PRODUCTO;BLISTER;HEPABIONTA FORTE;BLISTER;100 CAP;UNIDAD;1;BLISTER 100 CAP UNIDAD X 1;7;;0/01/1900;;;2.5;3.5;0;ACTIVO
Molino;SPR-GIN-15;PRODUCTO;SPRAY;AFTOTEX;SPRAY;30 ML;UNIDAD;1;SPRAY 30 ML UNIDAD X 1;0;;0/01/1900;;;28.7;33;0;ACTIVO
Molino;TOH-HUG-48;PRODUCTO;TOALLA HUMEDA;HUGGIES LIMPIEZA;TOALLA HUMEDA;48 UND;PAQUETE;48;TOALLA HUMEDA 48 UND PAQUETE X 48;0;;0/01/1900;;;6.7;9;0;ACTIVO
Molino;TAB-ACI-0.5;PRODUCTO;TABLETA;ACIDO FOLICO;TABLETA;0.5 MG;CAJA;100;TABLETA 0.5 MG CAJA X 100;0;;0/01/1900;;;0.06;1;0;ACTIVO
Molino;SPR-GIN-15B;PRODUCTO;SPRAY;GINGISONA B;SPRAY;15 ML;UNIDAD;1;SPRAY 15 ML UNIDAD X 1;0;;;;;33.8;36;36;ACTIVO
Molino;GOT-RHI-15;PRODUCTO;GOTAS;RHINO BB;GOTAS;15 ML;UNIDAD;1;GOTAS 15 ML UNIDAD X 1;0;;0/01/1900;;;8.3;10;0;ACTIVO
Molino;SUS-SIM-15;PRODUCTO;SUSPENSION ORAL;SIMETICONA;SUSPENSION ORAL;15 ML;UNIDAD;1;SUSPENSION ORAL 15 ML UNIDAD X 1;1;;0/01/1900;;;3.9;5;0;ACTIVO
Molino;OVU-TRO-100;PRODUCTO;OVULOS;TRONIXADOL R;OVULOS;100 UND;UNIDAD;1;OVULOS 100 UND UNIDAD X 1;0;;0/01/1900;;;0.7;1.5;0;ACTIVO
Molino;TAB-DIB-5;PRODUCTO;TABLETA;DIBROLAX;TABLETA;5 MG;CAJA;100;TABLETA 5 MG CAJA X 100;0;;0/01/1900;;;1.5;2;16;ACTIVO
Molino;JAR-PLI-400;PRODUCTO;CAPSULA BLANDA;PLIDOCHECK PLUS;CAPSULA;400 MG;CAJA;100;CAPSULA BLANDA 400 MG CAJA X 100;0;;0/01/1900;;;0.4;1.5;0;ACTIVO
Molino;JAR-MET-250;PRODUCTO;PRESERVATIVO;PRUDENTIAL MEDIANO;PRESERVATIVO;20 UND;CAJA;20;PRESERVATIVO 20 UND CAJA X 20;0;;0/01/1900;;;2;3;42;ACTIVO
Molino;GOT-MET-500;PRODUCTO;AMPOLLA;B-VAT;AMPOLLA;2 ML;UNIDAD;1;AMPOLLA 2 ML UNIDAD X 1;0;;0/01/1900;;;11.1;25;0;ACTIVO
Molino;JAR-PAR-15;PRODUCTO;JARABE;PARACETAMOL;JARABE;160 ML;UNIDAD;1;JARABE 160 ML UNIDAD X 1;0;;0/01/1900;;;4.8;8;0;ACTIVO
Molino;JAR-SOB-100;PRODUCTO;JARABE;METAMIZOL;JARABE;250 ML;UNIDAD;1;JARABE 250 ML UNIDAD X 1;0;;0/01/1900;;;8.9;12;0;ACTIVO
Molino;GOT-MET-500B;PRODUCTO;GOTAS;METAMIZOL SODICO;GOTAS;500 ML;UNIDAD;1;GOTAS 500 ML UNIDAD X 1;0;;;;;8.4;12;12;ACTIVO
Molino;JAR-PAR-15ML;PRODUCTO;JARABE;PARACETAMOL;JARABE;15 ML;UNIDAD;1;JARABE 15 ML UNIDAD X 1;1;;0/01/1900;;;4.8;8;0;ACTIVO
Molino;JAR-SOB-100B;PRODUCTO;JARABE;SOBARMIN;JARABE;100 ML;UNIDAD;1;JARABE 100 ML UNIDAD X 1;0;;;;;166;177;177;ACTIVO
Molino;LIQ-SAN-750;PRODUCTO;BEBIDA;AGUA SAN MATEO;BEBIDA;750 ML;UNIDAD;1;BEBIDA 750 ML UNIDAD X 1;30;;0/01/1900;;;0;1;0;ACTIVO
Molino;BLI-DOL-4;PRODUCTO;BLISTER;DOLO NEUROBION FORTE;BLISTER;200 CAPS;UNIDAD;1;BLISTER 200 CAPS UNIDAD X 1;194;;0/01/1900;;;0.0135;4;0;ACTIVO
Molino;HIG-HUM-PEK;PRODUCTO;HIGIENE PERSONAL;NINET TOALLITA HUMEDA CLASICA;HIGIENE PERSONAL;;UNIDAD;1;HIGIENE PERSONAL  UNIDAD X 1;2;;0/01/1900;;;0;3.5;0;ACTIVO
Molino;JAR-LOR-60;PRODUCTO;JARABE;LORATADINA;JARABE;60 ML;UNIDAD;1;JARABE 60 ML UNIDAD X 1;1;;0/01/1900;;;0;3;0;ACTIVO
Molino;CAP-FLU-200;PRODUCTO;CAPSULA;FLUCONAZOL;CAPSULA;200 MG;UNIDAD;1;CAPSULA 200 MG UNIDAD X 1;2;;0/01/1900;;;0;7;0;ACTIVO
Molino;CAP-OME-200;PRODUCTO;CAPSULA;OMEPRAZOL;CAPSULA;20 MG;UNIDAD;1;CAPSULA 20 MG UNIDAD X 1;1;;0/01/1900;;;0;1.5;0;ACTIVO
Molino;BEB-FRU-1L;PRODUCTO;BEBIDA;FRUTTI FLEX 50;BEBIDA;1 L;UNIDAD;1;BEBIDA 1 L UNIDAD X 1;1;;0/01/1900;;;0;10;0;ACTIVO
Molino;HIG-VES-XXG;PRODUCTO;HIGIENE BEBE;VEESPER PREMIUM XXG;HIGIENE BEBE;6 UND;BOLSA;6;HIGIENE BEBE 6 UND BOLSA X 6;1;;0/01/1900;;;0;11;0;ACTIVO
Molino;TAB-AMB-20;PRODUCTO;TABLETA;AMBROXOL + DEXTROMETORFANO;TABLETA;22.5/22.5 MG;CAJA;20;TABLETA 22.5/22.5 MG CAJA X 20;15;;0/01/1900;;;0;1;0;ACTIVO
Molino;REC-ENT-05;SERVICIO;RECARGA MOVIL;RECARGA ENTEL;SERVICIO;5 SOLES;UNIDAD;1;RECARGA MOVIL 5 SOLES UNIDAD X 1;20;;0/01/1900;;;0;5;0;ACTIVO
Molino;REC-ENT-10;SERVICIO;RECARGA MOVIL;RECARGA ENTEL;SERVICIO;10 SOLES;UNIDAD;1;RECARGA MOVIL 10 SOLES UNIDAD X 1;2;;0/01/1900;;;0;10;0;ACTIVO
Molino;REC-ENT-15;SERVICIO;RECARGA MOVIL;RECARGA ENTEL;SERVICIO;15 SOLES;UNIDAD;1;RECARGA MOVIL 15 SOLES UNIDAD X 1;0;;0/01/1900;;;0;15;0;ACTIVO
Molino;REC-ENT-20;SERVICIO;RECARGA MOVIL;RECARGA ENTEL;SERVICIO;20 SOLES;UNIDAD;1;RECARGA MOVIL 20 SOLES UNIDAD X 1;0;;0/01/1900;;;0;20;0;ACTIVO
Molino;REC-CLA-03;SERVICIO;RECARGA MOVIL;RECARGA CLARO;SERVICIO;3 SOLES;UNIDAD;1;RECARGA MOVIL 3 SOLES UNIDAD X 1;0;;0/01/1900;;;0;3;0;ACTIVO
Molino;REC-CLA-05;SERVICIO;RECARGA MOVIL;RECARGA CLARO;SERVICIO;5 SOLES;UNIDAD;1;RECARGA MOVIL 5 SOLES UNIDAD X 1;68;;0/01/1900;;;0;5;0;ACTIVO
Molino;REC-CLA-10;SERVICIO;RECARGA MOVIL;RECARGA CLARO;SERVICIO;10 SOLES;UNIDAD;1;RECARGA MOVIL 10 SOLES UNIDAD X 1;7;;0/01/1900;;;0;10;0;ACTIVO
Molino;REC-CLA-15;SERVICIO;RECARGA MOVIL;RECARGA CLARO;SERVICIO;15 SOLES;UNIDAD;1;RECARGA MOVIL 15 SOLES UNIDAD X 1;1;;0/01/1900;;;0;15;0;ACTIVO
Molino;REC-CLA-20;SERVICIO;RECARGA MOVIL;RECARGA CLARO;SERVICIO;20 SOLES;UNIDAD;1;RECARGA MOVIL 20 SOLES UNIDAD X 1;0;;0/01/1900;;;0;20;0;ACTIVO
Molino;REC-MOV-03;SERVICIO;RECARGA MOVIL;RECARGA MOVISTAR;SERVICIO;3 SOLES;UNIDAD;1;RECARGA MOVIL 3 SOLES UNIDAD X 1;1;;0/01/1900;;;0;3;0;ACTIVO
Molino;REC-MOV-05;SERVICIO;RECARGA MOVIL;RECARGA MOVISTAR;SERVICIO;5 SOLES;UNIDAD;1;RECARGA MOVIL 5 SOLES UNIDAD X 1;1;;0/01/1900;;;0;5;0;ACTIVO
Molino;REC-MOV-10;SERVICIO;RECARGA MOVIL;RECARGA MOVISTAR;SERVICIO;10 SOLES;UNIDAD;1;RECARGA MOVIL 10 SOLES UNIDAD X 1;0;;0/01/1900;;;0;10;0;ACTIVO
Molino;REC-MOV-15;SERVICIO;RECARGA MOVIL;RECARGA MOVISTAR;SERVICIO;15 SOLES;UNIDAD;1;RECARGA MOVIL 15 SOLES UNIDAD X 1;0;;0/01/1900;;;0;15;0;ACTIVO
Molino;REC-MOV-20;SERVICIO;RECARGA MOVIL;RECARGA MOVISTAR;SERVICIO;20 SOLES;UNIDAD;1;RECARGA MOVIL 20 SOLES UNIDAD X 1;0;;0/01/1900;;;0;20;0;ACTIVO
Molino;REC-BIT-05;SERVICIO;RECARGA MOVIL;RECARGA BITEL;SERVICIO;5 SOLES;UNIDAD;1;RECARGA MOVIL 5 SOLES UNIDAD X 1;23;;0/01/1900;;;0;5;0;ACTIVO
Molino;REC-BIT-10;SERVICIO;RECARGA MOVIL;RECARGA BITEL;SERVICIO;10 SOLES;UNIDAD;1;RECARGA MOVIL 10 SOLES UNIDAD X 1;2;;0/01/1900;;;0;10;0;ACTIVO
Molino;REC-BIT-15;SERVICIO;RECARGA MOVIL;RECARGA BITEL;SERVICIO;15 SOLES;UNIDAD;1;RECARGA MOVIL 15 SOLES UNIDAD X 1;0;;0/01/1900;;;0;15;0;ACTIVO
Molino;REC-BIT-20;SERVICIO;RECARGA MOVIL;RECARGA BITEL;SERVICIO;20 SOLES;UNIDAD;1;RECARGA MOVIL 20 SOLES UNIDAD X 1;0;;0/01/1900;;;0;20;0;ACTIVO
Molino;HEL-BOL-MAN;PRODUCTO;HELADOS;HELADO MANI;HELADO;BOLSA;UNIDAD;1;HELADOS BOLSA UNIDAD X 1;2;;0/01/1900;;;0;1;0;ACTIVO
Molino;HEL-BOL-YOG;PRODUCTO;HELADOS;HELADO YOGURT;HELADO;BOLSA;UNIDAD;1;HELADOS BOLSA UNIDAD X 1;154;;0/01/1900;;;0;1;0;ACTIVO
Molino;HEL-VAS-SAB;PRODUCTO;HELADOS;HELADO SABORES;HELADO;VASO;UNIDAD;1;HELADOS VASO UNIDAD X 1;218;;0/01/1900;;;0;1;0;ACTIVO
Molino;HEL-VAR-DIS;PRODUCTO;HELADOS;HELADO DISPENSADOR;HELADO;VARQUILLO;UNIDAD;1;HELADOS VARQUILLO UNIDAD X 1;294;;0/01/1900;;;0;1;0;ACTIVO
Molino;TAB-LOP-2MG;PRODUCTO;TABLETA;LOPERAMIDA;TABLETA;2 MG;UNIDAD;1;TABLETA 2 MG UNIDAD X 1;6;;0/01/1900;;;0;1;0;ACTIVO
Molino;POL-PAD-1.65;PRODUCTO;POLVO ORAL;PADRAX;POLVO;1.65 GR;SOBRE;1;POLVO ORAL 1.65 GR SOBRE X 1;14;;0/01/1900;;;0;3;0;ACTIVO
Molino;HIG-VES-G;PRODUCTO;HIGIENE BEBE;VEESPER PREMIUM G;HIGIENE BEBE;56 UND;BOLSA;56;HIGIENE BEBE 56 UND BOLSA X 56;1;;0/01/1900;;;0.526785714;1;0;ACTIVO
Molino;CRE-PON-20U;PRODUCTO;CREMA;PONDS CLARANT B3;CREMA;10 ML;PAQUETE;20;CREMA 10 ML PAQUETE X 20;31;;0/01/1900;;;0.925;2;0;ACTIVO
Molino;HIG-NOS-10B;PRODUCTO;HIGIENE FEMENINA;NOSOTRAS BUENAS NOCHES;HIGIENE FEMENINA;;UNIDAD;1;HIGIENE FEMENINA  UNIDAD X 1;0;;;;;0.688055556;1;1;ACTIVO
Molino;TAB-KETO-30U;PRODUCTO;TABLETA;KETOPROFENO;TABLETA;100 MG;UNIDAD;1;TABLETA 100 MG UNIDAD X 1;10;;0/01/1900;;;0;1;0;ACTIVO
Molino;SOB-ACU-7S;PRODUCTO;SOBRE;ACCUALAXAN;SOBRE;17 GR;CAJA;7;SOBRE 17 GR CAJA X 7;1;;0/01/1900;;;0;2.6;0;ACTIVO
Molino;TAB-CYT-200;PRODUCTO;TABLETA;CYTOTEC;TABLETA;200 MCG;UNIDAD;1;TABLETA 200 MCG UNIDAD X 1;20;;0/01/1900;;;0;25;0;ACTIVO
Molino;CAP-CLI-100U;PRODUCTO;CAPSULA;CLINDAMICINA;CAPSULA;300 MG;UNIDAD;1;CAPSULA 300 MG UNIDAD X 1;6;;0/01/1900;;;0;1;0;ACTIVO
Molino;JAB-GLI-3UN;PRODUCTO;JABON;JABON GLICERINA MOSSY;JABON;;UNIDAD;1;JABON  UNIDAD X 1;0;;0/01/1900;;;0;2;0;ACTIVO
Molino;MAN-CAC-100;PRODUCTO;BARRA;MANTEQUILLA CACAO;BARRA;100 UND;CAJA;100;BARRA 100 UND CAJA X 100;2;;0/01/1900;;;0;2;0;ACTIVO
Molino;TAB-TAP-MIG;PRODUCTO;TABLETA;TAPSIN MIGRAÑA;TABLETA;;UNIDAD;1;TABLETA  UNIDAD X 1;2;;0/01/1900;;;0;2.5;0;ACTIVO
Molino;JAB-FUR-120;PRODUCTO;SUSPENSION;FURAZOLIDONA;SUSPENSION;120 ML;UNIDAD;1;SUSPENSION 120 ML UNIDAD X 1;3;;0/01/1900;;;0;1;0;ACTIVO
Molino;SOB-FLU-20U;PRODUCTO;SOBRE;FLUIBRONCOL;SOBRE;20 UND;CAJA;20;SOBRE 20 UND CAJA X 20;3;;0/01/1900;;;0;6;0;ACTIVO
Molino;HIL-DEN-MEN;PRODUCTO;HILO DENTAL;HILO DENTAL TOTALDENT;HILO DENTAL;MENTA;UNIDAD;1;HILO DENTAL MENTA UNIDAD X 1;1;;0/01/1900;;;0;2;0;ACTIVO
Molino;TAB-AZI-500;PRODUCTO;TABLETA;AZITROMICINA;TABLETA;500 MG;UNIDAD;1;TABLETA 500 MG UNIDAD X 1;4;;0/01/1900;;;0;2;0;ACTIVO
Molino;HIG-ALW-DIARIO;PRODUCTO;HIGIENE FEMENINA;ALWAYS PROTECTOR DIARIO;HIGIENE FEMENINA;;UNIDAD;1;HIGIENE FEMENINA  UNIDAD X 1;12;;0/01/1900;;;0;1;0;ACTIVO
Molino;HIG-PAM-XXG;PRODUCTO;HIGIENE BEBE;PAMPERS PREMIUM CARE XXG;HIGIENE BEBE;42 UND;PAQUETE;42;HIGIENE BEBE 42 UND PAQUETE X 42;6;;0/01/1900;;;0;1.5;0;ACTIVO
Molino;HIG-KITT-PAÑ;PRODUCTO;HIGIENE BEBE;HELLO KITTY PANUELOS;HIGIENE BEBE;;UNIDAD;1;HIGIENE BEBE  UNIDAD X 1;1;;0/01/1900;;;0;9;0;ACTIVO
Molino;TAB-FURO-100U;PRODUCTO;TABLETA;FUROSEMIDA;TABLETA;40 MG;CAJA;100;TABLETA 40 MG CAJA X 100;98;;0/01/1900;;;0;2;0;ACTIVO
Molino;HOR-CEP-KID;PRODUCTO;HIGIENE ORAL;ORAL B KIDS CEPILLO;HIGIENE ORAL;;UNIDAD;1;HIGIENE ORAL  UNIDAD X 1;5;;0/01/1900;;;0;4.5;0;ACTIVO
Molino;CAP-BIO-12U;PRODUCTO;CAPSULA;BIOBRONCOL S;CAPSULA;500 MG;UNIDAD;1;CAPSULA 500 MG UNIDAD X 1;1;;0/01/1900;;;0;2.8;0;ACTIVO
Molino;TAB-PRE-10U;PRODUCTO;TABLETA;DOLO NEUROPRESS FORTE;TABLETA;;UNIDAD;1;TABLETA  UNIDAD X 1;7;;0/01/1900;;;0;2.5;0;ACTIVO
Molino;TAB-ACI-800;PRODUCTO;TABLETA;ACICLOVIR;TABLETA;800 MG;CAJA;10;TABLETA 800 MG CAJA X 10;2;;0/01/1900;;;0.8;2;0;ACTIVO
Molino;HIG-BAB-TH;PRODUCTO;HIGIENE PERSONAL;BABYSEC TOALLITAS;HIGIENE PERSONAL;;UNIDAD;1;HIGIENE PERSONAL  UNIDAD X 1;1;;0/01/1900;;;0;7;0;ACTIVO
Molino;TAB-HIO-100U;PRODUCTO;TABLETA;HIOSCINA BUTILBROMURO;TABLETA;10 MG;UNIDAD;1;TABLETA 10 MG UNIDAD X 1;1;;0/01/1900;;;0;1;0;ACTIVO
Molino;SER-INET-CL;SERVICIO;INTERNET;PAGO CLARO HOGAR;SERVICIO;;MENSUAL;1;INTERNET  MENSUAL X 1;0;;0/01/1900;;;0;35;0;ACTIVO
Molino;SER-INET-MV;SERVICIO;INTERNET;PAGO MOVISTAR INTERNET;SERVICIO;;MENSUAL;1;INTERNET  MENSUAL X 1;0;;0/01/1900;;;0;35;0;ACTIVO
Molino;SER-INET-EN;SERVICIO;INTERNET;PAGO ENTEL INTERNET;SERVICIO;;MENSUAL;1;INTERNET  MENSUAL X 1;0;;0/01/1900;;;0;35;0;ACTIVO
Molino;SER-INET-BT;SERVICIO;INTERNET;PAGO BITEL INTERNET;SERVICIO;;MENSUAL;1;INTERNET  MENSUAL X 1;0;;0/01/1900;;;0;35;0;ACTIVO
Molino;SER-INET-OT;SERVICIO;INTERNET;PAGO INTERNET OTROS;SERVICIO;;MENSUAL;1;INTERNET  MENSUAL X 1;0;;0/01/1900;;;0;35;0;ACTIVO
Molino;SER-AGUA;SERVICIO;SERVICIO;PAGO SERVICIO AGUA;SERVICIO;;MENSUAL;1;SERVICIO  MENSUAL X 1;0;;0/01/1900;;;0;35;0;ACTIVO
Molino;SER-LUZ;SERVICIO;SERVICIO;PAGO SERVICIO LUZ;SERVICIO;;MENSUAL;1;SERVICIO  MENSUAL X 1;1;;0/01/1900;;;0;35;0;ACTIVO
Molino;TAB-SAF-01U;PRODUCTO;TABLETA ANTICONCEPTIVA;SAFEDAY;TABLETA;1.5 MG;UNIDAD;1;TABLETA ANTICONCEPTIVA 1.5 MG UNIDAD X 1;0;;0/01/1900;;;0;15;0;ACTIVO
Molino;HIG-TUI-TOH;PRODUCTO;HIGIENE PERSONAL;TUINIES TOALLITAS HUMEDAS;HIGIENE PERSONAL;;UNIDAD;1;HIGIENE PERSONAL  UNIDAD X 1;1;;0/01/1900;;;0;9;0;ACTIVO
Molino;HIG-PAM-G;PRODUCTO;HIGIENE BEBE;PAMPERS PREMIUM CARE G;HIGIENE BEBE;;UNIDAD;1;HIGIENE BEBE  UNIDAD X 1;6;;0/01/1900;;;0;1;0;ACTIVO
Molino;INS-MAS-DES2;PRODUCTO;INSUMO MEDICO;CAJA MASCARILLA DESECHABLE;INSUMO MEDICO;;CAJA;50;INSUMO MEDICO  CAJA X 50;1;;;;;0;6;6;ACTIVO
Molino;JER-FAM-20;PRODUCTO;JERINGA;JERINGA FAMILY DOCTOR;JERINGA;20 ML;UNIDAD;1;JERINGA 20 ML UNIDAD X 1;1;;0/01/1900;;;0;1;0;ACTIVO
Molino;BLI-MEG-120;PRODUCTO;BLISTER;MEGACILINA;BLISTER;120 COMP;UNIDAD;1;BLISTER 120 COMP UNIDAD X 1;0;;0/01/1900;;;0;8;0;ACTIVO
Molino;HIG-PAM-XG;PRODUCTO;HIGIENE BEBE;PAMPERS SPLASHERS XG;HIGIENE BEBE;;UNIDAD;1;HIGIENE BEBE  UNIDAD X 1;7;;0/01/1900;;;0;1;0;ACTIVO
Molino;TAB-DAM-1UN;PRODUCTO;TABLETA ANTICONCEPTIVA;DAMICOZYN;TABLETA;1.5 MG;UNIDAD;1;TABLETA ANTICONCEPTIVA 1.5 MG UNIDAD X 1;6;;0/01/1900;;;0;15;0;ACTIVO
Molino;TAB-MEJ-200;PRODUCTO;TABLETA;MEJORAL;TABLETA;500 MG;CAJA;200;TABLETA 500 MG CAJA X 200;3;;;;;;2;2;ACTIVO
Molino;HEL-MIX-MAY;PRODUCTO;HELADOS;HELADO AL POR MAYOR;HELADO;;UNIDAD;1;HELADOS  UNIDAD X 1;2;;0/01/1900;;;0;25;0;ACTIVO
Molino;SOL-MET-1UN;PRODUCTO;SOLUCION;METAMIZOL SODICO;SOLUCION;1G/2ML;UNIDAD;1;SOLUCION 1G/2ML UNIDAD X 1;4;;0/01/1900;;;0;5;0;ACTIVO
Molino;POL-PEN-10UN;PRODUCTO;POLVO INYECTABLE;PENICILINA G PROCAINICA;POLVO;1 000 000 UI;UNIDAD;1;POLVO INYECTABLE 1 000 000 UI UNIDAD X 1;4;;0/01/1900;;;0;5;0;ACTIVO
Molino;TAB-AMO-10U;PRODUCTO;TABLETA;AMOXICILINA + AC CLAV;TABLETA;500+125 MG;UNIDAD;1;TABLETA 500+125 MG UNIDAD X 1;1;;0/01/1900;;;0;4.5;0;ACTIVO
Molino;SOL-BVA-10U;PRODUCTO;SOLUCION;B-VAT;SOLUCION;INYECTABLE;UNIDAD;1;SOLUCION INYECTABLE UNIDAD X 1;2;;0/01/1900;;;0;15;0;ACTIVO
Molino;CAP-ROW-100U;PRODUCTO;CAPSULA BLANDA;ROWATINEX NF;CAPSULA;;UNIDAD;1;CAPSULA BLANDA  UNIDAD X 1;2;;;;;;3.5;3.5;ACTIVO
Molino;BLI-CET-10U;PRODUCTO;BLISTER;CETIRIZINA;BLISTER;10 MG;UNIDAD;1;BLISTER 10 MG UNIDAD X 1;8;;0/01/1900;;;0;0.5;0;ACTIVO
Molino;HIG-PAM-M;PRODUCTO;HIGIENE BEBE;PAMPERS PREMIUM CARE M;HIGIENE BEBE;;UNIDAD;1;HIGIENE BEBE  UNIDAD X 1;24;;0/01/1900;;;0;2;0;ACTIVO
Molino;HIG-PAM-ADG;PRODUCTO;HIGIENE ADULTO;PAÑAL ADULTO SECOS ACTIVE G;HIGIENE ADULTO;;UNIDAD;1;HIGIENE ADULTO  UNIDAD X 1;1;;0/01/1900;;;0;7.5;0;ACTIVO
Molino;ACE-BAL-30;PRODUCTO;ACEITE;ACEITE DE BALLENA;ACEITE;30 ML;UNIDAD;1;ACEITE 30 ML UNIDAD X 1;1;;0/01/1900;;;0;1.5;0;ACTIVO
Molino;SOL-RAN-10U;PRODUCTO;SOLUCION;RANITIDINA;SOLUCION;50 MG/2ML;UNIDAD;1;SOLUCION 50 MG/2ML UNIDAD X 1;3;;0/01/1900;;;0;5;0;ACTIVO
Molino;CIN-ESP-090;PRODUCTO;CINTA;ESPARADRAPO HIPOALERGENICO;CINTA;0.90 MT;UNIDAD;1;CINTA 0.90 MT UNIDAD X 1;2;;;;;;2.5;2.5;ACTIVO
Molino;JAR-ALB-1UN;PRODUCTO;JARABE;ALBENDAZOL;JARABE;100 MG/5ML;UNIDAD;1;JARABE 100 MG/5ML UNIDAD X 1;2;;0/01/1900;;;0;3.5;0;ACTIVO
Molino;PAS-FDR-220;PRODUCTO;PASTA DENTAL;FAMILY DR ULTRA FLUOR;PASTA DENTAL;220 GR;UNIDAD;1;PASTA DENTAL 220 GR UNIDAD X 1;1;;0/01/1900;;;0;8;0;ACTIVO
Molino;PAS-COL-50;PRODUCTO;PASTA DENTAL;COLGATE TRIPLE ACCION;PASTA DENTAL;50 ML;UNIDAD;1;PASTA DENTAL 50 ML UNIDAD X 1;4;;0/01/1900;;;0;5;0;ACTIVO
Molino;BEB-BIO-25U;PRODUCTO;BEBIDA;BIOLACTOL BEBIBLE;BEBIDA;;CAJA;25;BEBIDA  CAJA X 25;2;;0/01/1900;;;0;2.4;0;ACTIVO
Molino;HIG-VES-10U;PRODUCTO;HIGIENE FEMENINA;VEESPER ROSADA;HIGIENE FEMENINA;10 UND;BOLSA;10;HIGIENE FEMENINA 10 UND BOLSA X 10;2;;0/01/1900;;;0;6;0;ACTIVO
Molino;JAR-AMB-1UN;PRODUCTO;JARABE;AMBROXOL;JARABE;30 MG/5ML;UNIDAD;1;JARABE 30 MG/5ML UNIDAD X 1;2;;0/01/1900;;;0;2.5;0;ACTIVO
Molino;TAB-CEF-100;PRODUCTO;TABLETA;CEFALEXINA;TABLETA;500 MG;UNIDAD;1;TABLETA 500 MG UNIDAD X 1;2;;0/01/1900;;;0;1;0;ACTIVO
Molino;LAB-BAL-1UN;PRODUCTO;LABIAL;BALSAMO LABIAL PORTUGAL;LABIAL;Vainilla;UNIDAD;1;LABIAL Vainilla UNIDAD X 1;1;;0/01/1900;;;0;1.5;0;ACTIVO
Molino;BAL-BUD-1UN;PRODUCTO;BALSAMO;BALSAMO DE BUDHA;BALSAMO;30 ML;UNIDAD;1;BALSAMO 30 ML UNIDAD X 1;1;;0/01/1900;;;0;1.5;0;ACTIVO
Molino;AMP-FER-5L2;PRODUCTO;AMPOLLA;FERROVITON L2;AMPOLLA;5 ML;CAJA;5;AMPOLLA 5 ML CAJA X 5;5;;;;;5;40;40;ACTIVO
Molino;TAB-FURO-100U2;PRODUCTO;TABLETA;FURAZOLIDONA;TABLETA;;CAJA;100;TABLETA  CAJA X 100;98;;;;;0.075;1;1;ACTIVO
Molino;CRE-PON-20U2;PRODUCTO;CREMA;PONDS CLARANT B3 SECO;CREMA;10 ML;PAQUETE;20;CREMA 10 ML PAQUETE X 20;31;;;;;0.925;2;2;ACTIVO
Molino;AMP-DOL-3;PRODUCTO;AMPOLLA;NEURUBION 10K PRELLENADA;AMPOLLA;3 AMP;UNIDAD;1;AMPOLLA 3 AMP UNIDAD X 1;2;;0/01/1900;;;30;40;0;ACTIVO
Molino;HIG-LAY-60U;PRODUCTO;HIGIENE FEMENINA;LADYSOFT NORMAL;HIGIENE FEMENINA;60 UND;PAQUETE;60;HIGIENE FEMENINA 60 UND PAQUETE X 60;6;;0/01/1900;;;0;0.7;0;ACTIVO
Molino;SOL-BEN-1UN;PRODUCTO;SOLUCION;BENALGIN 1000;SOLUCION;INYECTABLE;UNIDAD;1;SOLUCION INYECTABLE UNIDAD X 1;16;;0/01/1900;;;16.5;35;0;ACTIVO
Molino;SOB-TAP-NOCHE;PRODUCTO;SOBRE;TAPSIN PLUS NOCHE;SOBRE;;CAJA;20;SOBRE  CAJA X 20;8;;0/01/1900;;;2.1;2.5;0;ACTIVO
Molino;SUS-PIR-15ML;PRODUCTO;SUSPENSION;PIRANTEL;SUSPENSION;250 MG/5ML;UNIDAD;1;SUSPENSION 250 MG/5ML UNIDAD X 1;2;;0/01/1900;;;5.2;9;0;ACTIVO
Molino;HIG-COT-20G;PRODUCTO;HIGIENE ADULTO;COTIDIAN CLASICO G;HIGIENE ADULTO;20 UND;PAQUETE;20;HIGIENE ADULTO 20 UND PAQUETE X 20;0;;0/01/1900;;;41.45;48.9;0;ACTIVO
Molino;HIG-COT-PAKG;PRODUCTO;HIGIENE ADULTO;COTIDIAN CLASICO G (UND);HIGIENE ADULTO;;UNIDAD;1;HIGIENE ADULTO  UNIDAD X 1;0;;0/01/1900;;;2.0725;2.9;0;ACTIVO
Molino;HIG-COT-20M;PRODUCTO;HIGIENE ADULTO;COTIDIAN PREMIUM M;HIGIENE ADULTO;20 UND;PAQUETE;20;HIGIENE ADULTO 20 UND PAQUETE X 20;0;;0/01/1900;;;35.795;48.9;0;ACTIVO
Molino;HIG-COT-PAKM;PRODUCTO;HIGIENE ADULTO;COTIDIAN PREMIUM M (UND);HIGIENE ADULTO;;UNIDAD;1;HIGIENE ADULTO  UNIDAD X 1;0;;0/01/1900;;;1.78975;2.9;0;ACTIVO
Molino;HIG-NOS-1UND;PRODUCTO;HIGIENE FEMENINA;NOSOTRAS ALAS TELA GEL (UND);HIGIENE FEMENINA;;UNIDAD;1;HIGIENE FEMENINA  UNIDAD X 1;0;;0/01/1900;;;0.417366667;0.8;0;ACTIVO
Molino;HIG-NOS-10PROMO;PRODUCTO;HIGIENE FEMENINA;NOSOTRAS PROMO 10+1;HIGIENE FEMENINA;11 UND;BOLSA;11;HIGIENE FEMENINA 11 UND BOLSA X 11;0;;;;;0;10;10;ACTIVO
Molino;HIG-VES-XXG2;PRODUCTO;HIGIENE BEBE;VEESPER XXG PACK 42;HIGIENE BEBE;42 UND;PAQUETE;42;HIGIENE BEBE 42 UND PAQUETE X 42;1;;;;;29.5;35;35;ACTIVO
Molino;HIG-VES-XXG-UND;PRODUCTO;HIGIENE BEBE;VEESPER XXG (UND);HIGIENE BEBE;;UNIDAD;1;HIGIENE BEBE  UNIDAD X 1;1;;;;;0.702380952;1;1;ACTIVO
Molino;HIG-VES-XG2;PRODUCTO;HIGIENE BEBE;VEESPER XG PACK 46;HIGIENE BEBE;46 UND;PAQUETE;46;HIGIENE BEBE 46 UND PAQUETE X 46;0;;;;;29.5;34;34;ACTIVO
Molino;HIG-VES-XG-UND;PRODUCTO;HIGIENE BEBE;VEESPER XG (UND);HIGIENE BEBE;;UNIDAD;1;HIGIENE BEBE  UNIDAD X 1;0;;;;;0.641304348;1;1;ACTIVO
Molino;HIG-VES-M2;PRODUCTO;HIGIENE BEBE;VEESPER M PACK 62;HIGIENE BEBE;62 UND;PAQUETE;62;HIGIENE BEBE 62 UND PAQUETE X 62;0;;;;;29.5;39;39;ACTIVO
Molino;HIG-VES-M-UND;PRODUCTO;HIGIENE BEBE;VEESPER M (UND);HIGIENE BEBE;;UNIDAD;1;HIGIENE BEBE  UNIDAD X 1;0;;;;;0.475806452;1;1;ACTIVO
Molino;HIG-VES-G2;PRODUCTO;HIGIENE BEBE;VEESPER G PACK 56;HIGIENE BEBE;56 UND;PAQUETE;56;HIGIENE BEBE 56 UND PAQUETE X 56;1;;;;;29.5;37;37;ACTIVO
